装备ID,装备等级,材料编号1,材料数量1,材料编号2,材料数量2,材料编号3,材料数量3,材料编号4,材料数量4,元宝费用,金币费用,体力数值,成功几率, 镶嵌BUFF,失败次数
59900001,0,110006,20,110011,800,-1,-1,-1,-1,0,600000,13,10,0,3
59900001,1,110006,40,110011,1000,-1,-1,-1,-1,0,900000,26,10,0,3
59900001,2,110006,60,110011,1500,-1,-1,-1,-1,0,1300000,39,10,0,3
59900001,3,110006,80,110011,2000,-1,-1,-1,-1,0,1800000,52,10,0,3
59900001,4,110006,100,110011,2000,-1,-1,-1,-1,0,2000000,65,10,0,3
59900001,5,110006,120,110011,2500,-1,-1,-1,-1,0,2500000,78,10,0,3
59900001,6,110006,150,110011,3000,-1,-1,-1,-1,0,3000000,91,10,0,3
59900001,7,110006,180,110011,4000,-1,-1,-1,-1,0,4000000,104,10,0,3
59900001,8,110006,200,110011,5000,-1,-1,-1,-1,0,4500000,117,10,0,3
59900002,0,110006,20,110011,800,-1,-1,-1,-1,0,600000,13,10,0,3
59900002,1,110006,40,110011,1000,-1,-1,-1,-1,0,900000,26,10,0,3
59900002,2,110006,60,110011,1500,-1,-1,-1,-1,0,1300000,39,10,0,3
59900002,3,110006,80,110011,2000,-1,-1,-1,-1,0,1800000,52,10,0,3
59900002,4,110006,100,110011,2000,-1,-1,-1,-1,0,2000000,65,10,0,3
59900002,5,110006,120,110011,2500,-1,-1,-1,-1,0,2500000,78,10,0,3
59900002,6,110006,150,110011,3000,-1,-1,-1,-1,0,3000000,91,10,0,3
59900002,7,110006,180,110011,4000,-1,-1,-1,-1,0,4000000,104,10,0,3
59900002,8,110006,200,110011,5000,-1,-1,-1,-1,0,4500000,117,10,0,3
59900003,0,110007,20,110011,800,-1,-1,-1,-1,0,600000,13,10,0,3
59900003,1,110007,40,110011,1000,-1,-1,-1,-1,0,900000,26,10,0,3
59900003,2,110007,60,110011,1500,-1,-1,-1,-1,0,1300000,39,10,0,3
59900003,3,110007,80,110011,2000,-1,-1,-1,-1,0,1800000,52,10,0,3
59900003,4,110007,100,110011,2000,-1,-1,-1,-1,0,2000000,65,10,0,3
59900003,5,110007,120,110011,2500,-1,-1,-1,-1,0,2500000,78,10,0,3
59900003,6,110007,150,110011,3000,-1,-1,-1,-1,0,3000000,91,10,0,3
59900003,7,110007,180,110011,4000,-1,-1,-1,-1,0,4000000,104,10,0,3
59900003,8,110007,200,110011,5000,-1,-1,-1,-1,0,4500000,117,10,0,3
59900004,0,110007,20,110011,800,-1,-1,-1,-1,0,600000,13,10,0,3
59900004,1,110007,40,110011,1000,-1,-1,-1,-1,0,900000,26,10,0,3
59900004,2,110007,60,110011,1500,-1,-1,-1,-1,0,1300000,39,10,0,3
59900004,3,110007,80,110011,2000,-1,-1,-1,-1,0,1800000,52,10,0,3
59900004,4,110007,100,110011,2000,-1,-1,-1,-1,0,2000000,65,10,0,3
59900004,5,110007,120,110011,2500,-1,-1,-1,-1,0,2500000,78,10,0,3
59900004,6,110007,150,110011,3000,-1,-1,-1,-1,0,3000000,91,10,0,3
59900004,7,110007,180,110011,4000,-1,-1,-1,-1,0,4000000,104,10,0,3
59900004,8,110007,200,110011,5000,-1,-1,-1,-1,0,4500000,117,10,0,3
59900005,0,110008,20,110011,800,-1,-1,-1,-1,0,600000,13,10,0,3
59900005,1,110008,40,110011,1000,-1,-1,-1,-1,0,900000,26,10,0,3
59900005,2,110008,60,110011,1500,-1,-1,-1,-1,0,1300000,39,10,0,3
59900005,3,110008,80,110011,2000,-1,-1,-1,-1,0,1800000,52,10,0,3
59900005,4,110008,100,110011,2000,-1,-1,-1,-1,0,2000000,65,10,0,3
59900005,5,110008,120,110011,2500,-1,-1,-1,-1,0,2500000,78,10,0,3
59900005,6,110008,150,110011,3000,-1,-1,-1,-1,0,3000000,91,10,0,3
59900005,7,110008,180,110011,4000,-1,-1,-1,-1,0,4000000,104,10,0,3
59900005,8,110008,200,110011,5000,-1,-1,-1,-1,0,4500000,117,10,0,3
59900006,0,110008,20,110011,800,-1,-1,-1,-1,0,600000,13,10,0,3
59900006,1,110008,40,110011,1000,-1,-1,-1,-1,0,900000,26,10,0,3
59900006,2,110008,60,110011,1500,-1,-1,-1,-1,0,1300000,39,10,0,3
59900006,3,110008,80,110011,2000,-1,-1,-1,-1,0,1800000,52,10,0,3
59900006,4,110008,100,110011,2000,-1,-1,-1,-1,0,2000000,65,10,0,3
59900006,5,110008,120,110011,2500,-1,-1,-1,-1,0,2500000,78,10,0,3
59900006,6,110008,150,110011,3000,-1,-1,-1,-1,0,3000000,91,10,0,3
59900006,7,110008,180,110011,4000,-1,-1,-1,-1,0,4000000,104,10,0,3
59900006,8,110008,200,110011,5000,-1,-1,-1,-1,0,4500000,117,10,0,3
59900007,0,110006,20,110011,800,-1,-1,-1,-1,0,600000,13,10,0,3
59900007,1,110006,40,110011,1000,-1,-1,-1,-1,0,900000,26,10,0,3
59900007,2,110006,60,110011,1500,-1,-1,-1,-1,0,1300000,39,10,0,3
59900007,3,110006,80,110011,2000,-1,-1,-1,-1,0,1800000,52,10,0,3
59900007,4,110006,100,110011,2000,-1,-1,-1,-1,0,2000000,65,10,0,3
59900007,5,110006,120,110011,2500,-1,-1,-1,-1,0,2500000,78,10,0,3
59900007,6,110006,150,110011,3000,-1,-1,-1,-1,0,3000000,91,10,0,3
59900007,7,110006,180,110011,4000,-1,-1,-1,-1,0,4000000,104,10,0,3
59900007,8,110006,200,110011,5000,-1,-1,-1,-1,0,4500000,117,10,0,3
59900008,0,110006,20,110011,800,-1,-1,-1,-1,0,600000,13,10,0,3
59900008,1,110006,40,110011,1000,-1,-1,-1,-1,0,900000,26,10,0,3
59900008,2,110006,60,110011,1500,-1,-1,-1,-1,0,1300000,39,10,0,3
59900008,3,110006,80,110011,2000,-1,-1,-1,-1,0,1800000,52,10,0,3
59900008,4,110006,100,110011,2000,-1,-1,-1,-1,0,2000000,65,10,0,3
59900008,5,110006,120,110011,2500,-1,-1,-1,-1,0,2500000,78,10,0,3
59900008,6,110006,150,110011,3000,-1,-1,-1,-1,0,3000000,91,10,0,3
59900008,7,110006,180,110011,4000,-1,-1,-1,-1,0,4000000,104,10,0,3
59900008,8,110006,200,110011,5000,-1,-1,-1,-1,0,4500000,117,10,0,3
59900009,0,110007,20,110011,800,-1,-1,-1,-1,0,600000,13,10,0,3
59900009,1,110007,40,110011,1000,-1,-1,-1,-1,0,900000,26,10,0,3
59900009,2,110007,60,110011,1500,-1,-1,-1,-1,0,1300000,39,10,0,3
59900009,3,110007,80,110011,2000,-1,-1,-1,-1,0,1800000,52,10,0,3
59900009,4,110007,100,110011,2000,-1,-1,-1,-1,0,2000000,65,10,0,3
59900009,5,110007,120,110011,2500,-1,-1,-1,-1,0,2500000,78,10,0,3
59900009,6,110007,150,110011,3000,-1,-1,-1,-1,0,3000000,91,10,0,3
59900009,7,110007,180,110011,4000,-1,-1,-1,-1,0,4000000,104,10,0,3
59900009,8,110007,200,110011,5000,-1,-1,-1,-1,0,4500000,117,10,0,3
59900010,0,110007,20,110011,800,-1,-1,-1,-1,0,600000,13,10,0,3
59900010,1,110007,40,110011,1000,-1,-1,-1,-1,0,900000,26,10,0,3
59900010,2,110007,60,110011,1500,-1,-1,-1,-1,0,1300000,39,10,0,3
59900010,3,110007,80,110011,2000,-1,-1,-1,-1,0,1800000,52,10,0,3
59900010,4,110007,100,110011,2000,-1,-1,-1,-1,0,2000000,65,10,0,3
59900010,5,110007,120,110011,2500,-1,-1,-1,-1,0,2500000,78,10,0,3
59900010,6,110007,150,110011,3000,-1,-1,-1,-1,0,3000000,91,10,0,3
59900010,7,110007,180,110011,4000,-1,-1,-1,-1,0,4000000,104,10,0,3
59900010,8,110007,200,110011,5000,-1,-1,-1,-1,0,4500000,117,10,0,3
59900011,0,110008,20,110011,800,-1,-1,-1,-1,0,600000,13,10,0,3
59900011,1,110008,40,110011,1000,-1,-1,-1,-1,0,900000,26,10,0,3
59900011,2,110008,60,110011,1500,-1,-1,-1,-1,0,1300000,39,10,0,3
59900011,3,110008,80,110011,2000,-1,-1,-1,-1,0,1800000,52,10,0,3
59900011,4,110008,100,110011,2000,-1,-1,-1,-1,0,2000000,65,10,0,3
59900011,5,110008,120,110011,2500,-1,-1,-1,-1,0,2500000,78,10,0,3
59900011,6,110008,150,110011,3000,-1,-1,-1,-1,0,3000000,91,10,0,3
59900011,7,110008,180,110011,4000,-1,-1,-1,-1,0,4000000,104,10,0,3
59900011,8,110008,200,110011,5000,-1,-1,-1,-1,0,4500000,117,10,0,3
59900012,0,110008,20,110011,800,-1,-1,-1,-1,0,600000,13,10,0,3
59900012,1,110008,40,110011,1000,-1,-1,-1,-1,0,900000,26,10,0,3
59900012,2,110008,60,110011,1500,-1,-1,-1,-1,0,1300000,39,10,0,3
59900012,3,110008,80,110011,2000,-1,-1,-1,-1,0,1800000,52,10,0,3
59900012,4,110008,100,110011,2000,-1,-1,-1,-1,0,2000000,65,10,0,3
59900012,5,110008,120,110011,2500,-1,-1,-1,-1,0,2500000,78,10,0,3
59900012,6,110008,150,110011,3000,-1,-1,-1,-1,0,3000000,91,10,0,3
59900012,7,110008,180,110011,4000,-1,-1,-1,-1,0,4000000,104,10,0,3
59900012,8,110008,200,110011,5000,-1,-1,-1,-1,0,4500000,117,10,0,3
59900013,0,110009,20,110011,800,-1,-1,-1,-1,0,600000,13,10,0,3
59900013,1,110009,40,110011,1000,-1,-1,-1,-1,0,900000,26,10,0,3
59900013,2,110009,60,110011,1500,-1,-1,-1,-1,0,1300000,39,10,0,3
59900013,3,110009,80,110011,2000,-1,-1,-1,-1,0,1800000,52,10,0,3
59900013,4,110009,100,110011,2000,-1,-1,-1,-1,0,2000000,65,10,0,3
59900013,5,110009,120,110011,2500,-1,-1,-1,-1,0,2500000,78,10,0,3
59900013,6,110009,150,110011,3000,-1,-1,-1,-1,0,3000000,91,10,0,3
59900013,7,110009,180,110011,4000,-1,-1,-1,-1,0,4000000,104,10,0,3
59900013,8,110009,200,110011,5000,-1,-1,-1,-1,0,4500000,117,10,0,3
59900014,0,110009,20,110011,800,-1,-1,-1,-1,0,600000,13,10,0,3
59900014,1,110009,40,110011,1000,-1,-1,-1,-1,0,900000,26,10,0,3
59900014,2,110009,60,110011,1500,-1,-1,-1,-1,0,1300000,39,10,0,3
59900014,3,110009,80,110011,2000,-1,-1,-1,-1,0,1800000,52,10,0,3
59900014,4,110009,100,110011,2000,-1,-1,-1,-1,0,2000000,65,10,0,3
59900014,5,110009,120,110011,2500,-1,-1,-1,-1,0,2500000,78,10,0,3
59900014,6,110009,150,110011,3000,-1,-1,-1,-1,0,3000000,91,10,0,3
59900014,7,110009,180,110011,4000,-1,-1,-1,-1,0,4000000,104,10,0,3
59900014,8,110009,200,110011,5000,-1,-1,-1,-1,0,4500000,117,10,0,3
59900015,0,110009,20,110011,800,-1,-1,-1,-1,0,600000,13,10,0,3
59900015,1,110009,40,110011,1000,-1,-1,-1,-1,0,900000,26,10,0,3
59900015,2,110009,60,110011,1500,-1,-1,-1,-1,0,1300000,39,10,0,3
59900015,3,110009,80,110011,2000,-1,-1,-1,-1,0,1800000,52,10,0,3
59900015,4,110009,100,110011,2000,-1,-1,-1,-1,0,2000000,65,10,0,3
59900015,5,110009,120,110011,2500,-1,-1,-1,-1,0,2500000,78,10,0,3
59900015,6,110009,150,110011,3000,-1,-1,-1,-1,0,3000000,91,10,0,3
59900015,7,110009,180,110011,4000,-1,-1,-1,-1,0,4000000,104,10,0,3
59900015,8,110009,200,110011,5000,-1,-1,-1,-1,0,4500000,117,10,0,3
59900016,0,110009,20,110011,800,-1,-1,-1,-1,0,600000,13,10,0,3
59900016,1,110009,40,110011,1000,-1,-1,-1,-1,0,900000,26,10,0,3
59900016,2,110009,60,110011,1500,-1,-1,-1,-1,0,1300000,39,10,0,3
59900016,3,110009,80,110011,2000,-1,-1,-1,-1,0,1800000,52,10,0,3
59900016,4,110009,100,110011,2000,-1,-1,-1,-1,0,2000000,65,10,0,3
59900016,5,110009,120,110011,2500,-1,-1,-1,-1,0,2500000,78,10,0,3
59900016,6,110009,150,110011,3000,-1,-1,-1,-1,0,3000000,91,10,0,3
59900016,7,110009,180,110011,4000,-1,-1,-1,-1,0,4000000,104,10,0,3
59900016,8,110009,200,110011,5000,-1,-1,-1,-1,0,4500000,117,10,0,3
59900017,0,110010,20,110011,800,-1,-1,-1,-1,0,600000,13,10,0,3
59900017,1,110010,40,110011,1000,-1,-1,-1,-1,0,900000,26,10,0,3
59900017,2,110010,60,110011,1500,-1,-1,-1,-1,0,1300000,39,10,0,3
59900017,3,110010,80,110011,2000,-1,-1,-1,-1,0,1800000,52,10,0,3
59900017,4,110010,100,110011,2000,-1,-1,-1,-1,0,2000000,65,10,0,3
59900017,5,110010,120,110011,2500,-1,-1,-1,-1,0,2500000,78,10,0,3
59900017,6,110010,150,110011,3000,-1,-1,-1,-1,0,3000000,91,10,0,3
59900017,7,110010,180,110011,4000,-1,-1,-1,-1,0,4000000,104,10,0,3
59900017,8,110010,200,110011,5000,-1,-1,-1,-1,0,4500000,117,10,0,3
59900018,0,110010,20,110011,800,-1,-1,-1,-1,0,600000,13,10,0,3
59900018,1,110010,40,110011,1000,-1,-1,-1,-1,0,900000,26,10,0,3
59900018,2,110010,60,110011,1500,-1,-1,-1,-1,0,1300000,39,10,0,3
59900018,3,110010,80,110011,2000,-1,-1,-1,-1,0,1800000,52,10,0,3
59900018,4,110010,100,110011,2000,-1,-1,-1,-1,0,2000000,65,10,0,3
59900018,5,110010,120,110011,2500,-1,-1,-1,-1,0,2500000,78,10,0,3
59900018,6,110010,150,110011,3000,-1,-1,-1,-1,0,3000000,91,10,0,3
59900018,7,110010,180,110011,4000,-1,-1,-1,-1,0,4000000,104,10,0,3
59900018,8,110010,200,110011,5000,-1,-1,-1,-1,0,4500000,117,10,0,3
59900019,0,110010,20,110011,800,-1,-1,-1,-1,0,600000,13,10,0,3
59900019,1,110010,40,110011,1000,-1,-1,-1,-1,0,900000,26,10,0,3
59900019,2,110010,60,110011,1500,-1,-1,-1,-1,0,1300000,39,10,0,3
59900019,3,110010,80,110011,2000,-1,-1,-1,-1,0,1800000,52,10,0,3
59900019,4,110010,100,110011,2000,-1,-1,-1,-1,0,2000000,65,10,0,3
59900019,5,110010,120,110011,2500,-1,-1,-1,-1,0,2500000,78,10,0,3
59900019,6,110010,150,110011,3000,-1,-1,-1,-1,0,3000000,91,10,0,3
59900019,7,110010,180,110011,4000,-1,-1,-1,-1,0,4000000,104,10,0,3
59900019,8,110010,200,110011,5000,-1,-1,-1,-1,0,4500000,117,10,0,3
59900020,0,110010,20,110011,800,-1,-1,-1,-1,0,600000,13,10,0,3
59900020,1,110010,40,110011,1000,-1,-1,-1,-1,0,900000,26,10,0,3
59900020,2,110010,60,110011,1500,-1,-1,-1,-1,0,1300000,39,10,0,3
59900020,3,110010,80,110011,2000,-1,-1,-1,-1,0,1800000,52,10,0,3
59900020,4,110010,100,110011,2000,-1,-1,-1,-1,0,2000000,65,10,0,3
59900020,5,110010,120,110011,2500,-1,-1,-1,-1,0,2500000,78,10,0,3
59900020,6,110010,150,110011,3000,-1,-1,-1,-1,0,3000000,91,10,0,3
59900020,7,110010,180,110011,4000,-1,-1,-1,-1,0,4000000,104,10,0,3
59900020,8,110010,200,110011,5000,-1,-1,-1,-1,0,4500000,117,10,0,3
59900021,0,110013,20,110011,800,-1,-1,-1,-1,0,600000,13,10,0,3
59900021,1,110013,40,110011,1000,-1,-1,-1,-1,0,900000,26,10,0,3
59900021,2,110013,60,110011,1500,-1,-1,-1,-1,0,1300000,39,10,0,3
59900021,3,110013,80,110011,2000,-1,-1,-1,-1,0,1800000,52,10,0,3
59900021,4,110013,100,110011,2000,-1,-1,-1,-1,0,2000000,65,10,0,3
59900021,5,110013,120,110011,2500,-1,-1,-1,-1,0,2500000,78,10,0,3
59900021,6,110013,150,110011,3000,-1,-1,-1,-1,0,3000000,91,10,0,3
59900021,7,110013,180,110011,4000,-1,-1,-1,-1,0,4000000,104,10,0,3
59900021,8,110013,200,110011,5000,-1,-1,-1,-1,0,4500000,117,10,0,3
59900022,0,110013,20,110011,800,-1,-1,-1,-1,0,600000,13,10,0,3
59900022,1,110013,40,110011,1000,-1,-1,-1,-1,0,900000,26,10,0,3
59900022,2,110013,60,110011,1500,-1,-1,-1,-1,0,1300000,39,10,0,3
59900022,3,110013,80,110011,2000,-1,-1,-1,-1,0,1800000,52,10,0,3
59900022,4,110013,100,110011,2000,-1,-1,-1,-1,0,2000000,65,10,0,3
59900022,5,110013,120,110011,2500,-1,-1,-1,-1,0,2500000,78,10,0,3
59900022,6,110013,150,110011,3000,-1,-1,-1,-1,0,3000000,91,10,0,3
59900022,7,110013,180,110011,4000,-1,-1,-1,-1,0,4000000,104,10,0,3
59900022,8,110013,200,110011,5000,-1,-1,-1,-1,0,4500000,117,10,0,3
59900023,0,110013,20,110011,800,-1,-1,-1,-1,0,600000,13,10,0,3
59900023,1,110013,40,110011,1000,-1,-1,-1,-1,0,900000,26,10,0,3
59900023,2,110013,60,110011,1500,-1,-1,-1,-1,0,1300000,39,10,0,3
59900023,3,110013,80,110011,2000,-1,-1,-1,-1,0,1800000,52,10,0,3
59900023,4,110013,100,110011,2000,-1,-1,-1,-1,0,2000000,65,10,0,3
59900023,5,110013,120,110011,2500,-1,-1,-1,-1,0,2500000,78,10,0,3
59900023,6,110013,150,110011,3000,-1,-1,-1,-1,0,3000000,91,10,0,3
59900023,7,110013,180,110011,4000,-1,-1,-1,-1,0,4000000,104,10,0,3
59900023,8,110013,200,110011,5000,-1,-1,-1,-1,0,4500000,117,10,0,3
59900024,0,110013,20,110011,800,-1,-1,-1,-1,0,600000,13,10,0,3
59900024,1,110013,40,110011,1000,-1,-1,-1,-1,0,900000,26,10,0,3
59900024,2,110013,60,110011,1500,-1,-1,-1,-1,0,1300000,39,10,0,3
59900024,3,110013,80,110011,2000,-1,-1,-1,-1,0,1800000,52,10,0,3
59900024,4,110013,100,110011,2000,-1,-1,-1,-1,0,2000000,65,10,0,3
59900024,5,110013,120,110011,2500,-1,-1,-1,-1,0,2500000,78,10,0,3
59900024,6,110013,150,110011,3000,-1,-1,-1,-1,0,3000000,91,10,0,3
59900024,7,110013,180,110011,4000,-1,-1,-1,-1,0,4000000,104,10,0,3
59900024,8,110013,200,110011,5000,-1,-1,-1,-1,0,4500000,117,10,0,3
59990201,0,110006,15,110011,500,-1,-1,-1,-1,0,400000,9,10,0,3
59990201,1,110006,30,110011,600,-1,-1,-1,-1,0,600000,18,10,0,3
59990201,2,110006,45,110011,1000,-1,-1,-1,-1,0,1000000,27,10,0,3
59990201,3,110006,60,110011,1200,-1,-1,-1,-1,0,1200000,36,10,0,3
59990201,4,110006,80,110011,1500,-1,-1,-1,-1,0,1500000,45,10,0,3
59990201,5,110006,90,110011,2000,-1,-1,-1,-1,0,2000000,54,10,0,3
59990201,6,110006,100,110011,2000,-1,-1,-1,-1,0,2100000,63,10,0,3
59990201,7,110006,120,110011,2500,-1,-1,-1,-1,0,2500000,72,10,0,3
59990201,8,110006,150,110011,3000,-1,-1,-1,-1,0,3000000,81,10,0,3
59990202,0,110007,15,110011,500,-1,-1,-1,-1,0,400000,9,10,0,3
59990202,1,110007,30,110011,600,-1,-1,-1,-1,0,600000,18,10,0,3
59990202,2,110007,45,110011,1000,-1,-1,-1,-1,0,1000000,27,10,0,3
59990202,3,110007,60,110011,1200,-1,-1,-1,-1,0,1200000,36,10,0,3
59990202,4,110007,80,110011,1500,-1,-1,-1,-1,0,1500000,45,10,0,3
59990202,5,110007,90,110011,2000,-1,-1,-1,-1,0,2000000,54,10,0,3
59990202,6,110007,100,110011,2000,-1,-1,-1,-1,0,2100000,63,10,0,3
59990202,7,110007,120,110011,2500,-1,-1,-1,-1,0,2500000,72,10,0,3
59990202,8,110007,150,110011,3000,-1,-1,-1,-1,0,3000000,81,10,0,3
59990203,0,110008,15,110011,500,-1,-1,-1,-1,0,400000,9,10,0,3
59990203,1,110008,30,110011,600,-1,-1,-1,-1,0,600000,18,10,0,3
59990203,2,110008,45,110011,1000,-1,-1,-1,-1,0,1000000,27,10,0,3
59990203,3,110008,60,110011,1200,-1,-1,-1,-1,0,1200000,36,10,0,3
59990203,4,110008,80,110011,1500,-1,-1,-1,-1,0,1500000,45,10,0,3
59990203,5,110008,90,110011,2000,-1,-1,-1,-1,0,2000000,54,10,0,3
59990203,6,110008,100,110011,2000,-1,-1,-1,-1,0,2100000,63,10,0,3
59990203,7,110008,120,110011,2500,-1,-1,-1,-1,0,2500000,72,10,0,3
59990203,8,110008,150,110011,3000,-1,-1,-1,-1,0,3000000,81,10,0,3
59990204,0,110009,15,110011,500,-1,-1,-1,-1,0,400000,9,10,0,3
59990204,1,110009,30,110011,600,-1,-1,-1,-1,0,600000,18,10,0,3
59990204,2,110009,45,110011,1000,-1,-1,-1,-1,0,1000000,27,10,0,3
59990204,3,110009,60,110011,1200,-1,-1,-1,-1,0,1200000,36,10,0,3
59990204,4,110009,80,110011,1500,-1,-1,-1,-1,0,1500000,45,10,0,3
59990204,5,110009,90,110011,2000,-1,-1,-1,-1,0,2000000,54,10,0,3
59990204,6,110009,100,110011,2000,-1,-1,-1,-1,0,2100000,63,10,0,3
59990204,7,110009,120,110011,2500,-1,-1,-1,-1,0,2500000,72,10,0,3
59990204,8,110009,150,110011,3000,-1,-1,-1,-1,0,3000000,81,10,0,3
59990205,0,110010,15,110011,500,-1,-1,-1,-1,0,400000,9,10,0,3
59990205,1,110010,30,110011,600,-1,-1,-1,-1,0,600000,18,10,0,3
59990205,2,110010,45,110011,1000,-1,-1,-1,-1,0,1000000,27,10,0,3
59990205,3,110010,60,110011,1200,-1,-1,-1,-1,0,1200000,36,10,0,3
59990205,4,110010,80,110011,1500,-1,-1,-1,-1,0,1500000,45,10,0,3
59990205,5,110010,90,110011,2000,-1,-1,-1,-1,0,2000000,54,10,0,3
59990205,6,110010,100,110011,2000,-1,-1,-1,-1,0,2100000,63,10,0,3
59990205,7,110010,120,110011,2500,-1,-1,-1,-1,0,2500000,72,10,0,3
59990205,8,110010,150,110011,3000,-1,-1,-1,-1,0,3000000,81,10,0,3
59990206,0,110013,15,110011,500,-1,-1,-1,-1,0,400000,9,10,0,3
59990206,1,110013,30,110011,600,-1,-1,-1,-1,0,600000,18,10,0,3
59990206,2,110013,45,110011,1000,-1,-1,-1,-1,0,1000000,27,10,0,3
59990206,3,110013,60,110011,1200,-1,-1,-1,-1,0,1200000,36,10,0,3
59990206,4,110013,80,110011,1500,-1,-1,-1,-1,0,1500000,45,10,0,3
59990206,5,110013,90,110011,2000,-1,-1,-1,-1,0,2000000,54,10,0,3
59990206,6,110013,100,110011,2000,-1,-1,-1,-1,0,2100000,63,10,0,3
59990206,7,110013,120,110011,2500,-1,-1,-1,-1,0,2500000,72,10,0,3
59990206,8,110013,150,110011,3000,-1,-1,-1,-1,0,3000000,81,10,0,3
59990301,0,110006,15,110011,500,-1,-1,-1,-1,0,400000,9,10,0,3
59990301,1,110006,30,110011,600,-1,-1,-1,-1,0,600000,18,10,0,3
59990301,2,110006,45,110011,1000,-1,-1,-1,-1,0,1000000,27,10,0,3
59990301,3,110006,60,110011,1200,-1,-1,-1,-1,0,1200000,36,10,0,3
59990301,4,110006,80,110011,1500,-1,-1,-1,-1,0,1500000,45,10,0,3
59990301,5,110006,90,110011,2000,-1,-1,-1,-1,0,2000000,54,10,0,3
59990301,6,110006,100,110011,2000,-1,-1,-1,-1,0,2100000,63,10,0,3
59990301,7,110006,120,110011,2500,-1,-1,-1,-1,0,2500000,72,10,0,3
59990301,8,110006,150,110011,3000,-1,-1,-1,-1,0,3000000,81,10,0,3
59990302,0,110007,15,110011,500,-1,-1,-1,-1,0,400000,9,10,0,3
59990302,1,110007,30,110011,600,-1,-1,-1,-1,0,600000,18,10,0,3
59990302,2,110007,45,110011,1000,-1,-1,-1,-1,0,1000000,27,10,0,3
59990302,3,110007,60,110011,1200,-1,-1,-1,-1,0,1200000,36,10,0,3
59990302,4,110007,80,110011,1500,-1,-1,-1,-1,0,1500000,45,10,0,3
59990302,5,110007,90,110011,2000,-1,-1,-1,-1,0,2000000,54,10,0,3
59990302,6,110007,100,110011,2000,-1,-1,-1,-1,0,2100000,63,10,0,3
59990302,7,110007,120,110011,2500,-1,-1,-1,-1,0,2500000,72,10,0,3
59990302,8,110007,150,110011,3000,-1,-1,-1,-1,0,3000000,81,10,0,3
59990303,0,110008,15,110011,500,-1,-1,-1,-1,0,400000,9,10,0,3
59990303,1,110008,30,110011,600,-1,-1,-1,-1,0,600000,18,10,0,3
59990303,2,110008,45,110011,1000,-1,-1,-1,-1,0,1000000,27,10,0,3
59990303,3,110008,60,110011,1200,-1,-1,-1,-1,0,1200000,36,10,0,3
59990303,4,110008,80,110011,1500,-1,-1,-1,-1,0,1500000,45,10,0,3
59990303,5,110008,90,110011,2000,-1,-1,-1,-1,0,2000000,54,10,0,3
59990303,6,110008,100,110011,2000,-1,-1,-1,-1,0,2100000,63,10,0,3
59990303,7,110008,120,110011,2500,-1,-1,-1,-1,0,2500000,72,10,0,3
59990303,8,110008,150,110011,3000,-1,-1,-1,-1,0,3000000,81,10,0,3
59990304,0,110009,15,110011,500,-1,-1,-1,-1,0,400000,9,10,0,3
59990304,1,110009,30,110011,600,-1,-1,-1,-1,0,600000,18,10,0,3
59990304,2,110009,45,110011,1000,-1,-1,-1,-1,0,1000000,27,10,0,3
59990304,3,110009,60,110011,1200,-1,-1,-1,-1,0,1200000,36,10,0,3
59990304,4,110009,80,110011,1500,-1,-1,-1,-1,0,1500000,45,10,0,3
59990304,5,110009,90,110011,2000,-1,-1,-1,-1,0,2000000,54,10,0,3
59990304,6,110009,100,110011,2000,-1,-1,-1,-1,0,2100000,63,10,0,3
59990304,7,110009,120,110011,2500,-1,-1,-1,-1,0,2500000,72,10,0,3
59990304,8,110009,150,110011,3000,-1,-1,-1,-1,0,3000000,81,10,0,3
59990305,0,110010,15,110011,500,-1,-1,-1,-1,0,400000,9,10,0,3
59990305,1,110010,30,110011,600,-1,-1,-1,-1,0,600000,18,10,0,3
59990305,2,110010,45,110011,1000,-1,-1,-1,-1,0,1000000,27,10,0,3
59990305,3,110010,60,110011,1200,-1,-1,-1,-1,0,1200000,36,10,0,3
59990305,4,110010,80,110011,1500,-1,-1,-1,-1,0,1500000,45,10,0,3
59990305,5,110010,90,110011,2000,-1,-1,-1,-1,0,2000000,54,10,0,3
59990305,6,110010,100,110011,2000,-1,-1,-1,-1,0,2100000,63,10,0,3
59990305,7,110010,120,110011,2500,-1,-1,-1,-1,0,2500000,72,10,0,3
59990305,8,110010,150,110011,3000,-1,-1,-1,-1,0,3000000,81,10,0,3
59990306,0,110013,15,110011,500,-1,-1,-1,-1,0,400000,9,10,0,3
59990306,1,110013,30,110011,600,-1,-1,-1,-1,0,600000,18,10,0,3
59990306,2,110013,45,110011,1000,-1,-1,-1,-1,0,1000000,27,10,0,3
59990306,3,110013,60,110011,1200,-1,-1,-1,-1,0,1200000,36,10,0,3
59990306,4,110013,80,110011,1500,-1,-1,-1,-1,0,1500000,45,10,0,3
59990306,5,110013,90,110011,2000,-1,-1,-1,-1,0,2000000,54,10,0,3
59990306,6,110013,100,110011,2000,-1,-1,-1,-1,0,2100000,63,10,0,3
59990306,7,110013,120,110011,2500,-1,-1,-1,-1,0,2500000,72,10,0,3
59990306,8,110013,150,110011,3000,-1,-1,-1,-1,0,3000000,81,10,0,3
99980913,0,110006,20,110011,800,-1,-1,-1,-1,0,600000,13,10,0,3
99980913,1,110006,40,110011,1000,-1,-1,-1,-1,0,900000,26,10,0,3
99980913,2,110006,60,110011,1500,-1,-1,-1,-1,0,1300000,39,10,0,3
99980913,3,110006,80,110011,2000,-1,-1,-1,-1,0,1800000,52,10,0,3
99980913,4,110006,100,110011,2000,-1,-1,-1,-1,0,2000000,65,10,0,3
99980913,5,110006,120,110011,2500,-1,-1,-1,-1,0,2500000,78,10,0,3
99980913,6,110006,150,110011,3000,-1,-1,-1,-1,0,3000000,91,10,0,3
99980913,7,110006,180,110011,4000,-1,-1,-1,-1,0,4000000,104,10,0,3
99980913,8,110006,200,110011,5000,-1,-1,-1,-1,0,4500000,117,10,0,3
99990913,0,110006,20,110011,800,-1,-1,-1,-1,0,600000,13,10,0,3
99990913,1,110006,40,110011,1000,-1,-1,-1,-1,0,900000,26,10,0,3
99990913,2,110006,60,110011,1500,-1,-1,-1,-1,0,1300000,39,10,0,3
99990913,3,110006,80,110011,2000,-1,-1,-1,-1,0,1800000,52,10,0,3
99990913,4,110006,100,110011,2000,-1,-1,-1,-1,0,2000000,65,10,0,3
99990913,5,110006,120,110011,2500,-1,-1,-1,-1,0,2500000,78,10,0,3
99990913,6,110006,150,110011,3000,-1,-1,-1,-1,0,3000000,91,10,0,3
99990913,7,110006,180,110011,4000,-1,-1,-1,-1,0,4000000,104,10,0,3
99990913,8,110006,200,110011,5000,-1,-1,-1,-1,0,4500000,117,10,0,3
99980923,0,110007,20,110011,800,-1,-1,-1,-1,0,600000,13,10,0,3
99980923,1,110007,40,110011,1000,-1,-1,-1,-1,0,900000,26,10,0,3
99980923,2,110007,60,110011,1500,-1,-1,-1,-1,0,1300000,39,10,0,3
99980923,3,110007,80,110011,2000,-1,-1,-1,-1,0,1800000,52,10,0,3
99980923,4,110007,100,110011,2000,-1,-1,-1,-1,0,2000000,65,10,0,3
99980923,5,110007,120,110011,2500,-1,-1,-1,-1,0,2500000,78,10,0,3
99980923,6,110007,150,110011,3000,-1,-1,-1,-1,0,3000000,91,10,0,3
99980923,7,110007,180,110011,4000,-1,-1,-1,-1,0,4000000,104,10,0,3
99980923,8,110007,200,110011,5000,-1,-1,-1,-1,0,4500000,117,10,0,3
99990923,0,110007,20,110011,800,-1,-1,-1,-1,0,600000,13,10,0,3
99990923,1,110007,40,110011,1000,-1,-1,-1,-1,0,900000,26,10,0,3
99990923,2,110007,60,110011,1500,-1,-1,-1,-1,0,1300000,39,10,0,3
99990923,3,110007,80,110011,2000,-1,-1,-1,-1,0,1800000,52,10,0,3
99990923,4,110007,100,110011,2000,-1,-1,-1,-1,0,2000000,65,10,0,3
99990923,5,110007,120,110011,2500,-1,-1,-1,-1,0,2500000,78,10,0,3
99990923,6,110007,150,110011,3000,-1,-1,-1,-1,0,3000000,91,10,0,3
99990923,7,110007,180,110011,4000,-1,-1,-1,-1,0,4000000,104,10,0,3
99990923,8,110007,200,110011,5000,-1,-1,-1,-1,0,4500000,117,10,0,3
99980933,0,110008,20,110011,800,-1,-1,-1,-1,0,600000,13,10,0,3
99980933,1,110008,40,110011,1000,-1,-1,-1,-1,0,900000,26,10,0,3
99980933,2,110008,60,110011,1500,-1,-1,-1,-1,0,1300000,39,10,0,3
99980933,3,110008,80,110011,2000,-1,-1,-1,-1,0,1800000,52,10,0,3
99980933,4,110008,100,110011,2000,-1,-1,-1,-1,0,2000000,65,10,0,3
99980933,5,110008,120,110011,2500,-1,-1,-1,-1,0,2500000,78,10,0,3
99980933,6,110008,150,110011,3000,-1,-1,-1,-1,0,3000000,91,10,0,3
99980933,7,110008,180,110011,4000,-1,-1,-1,-1,0,4000000,104,10,0,3
99980933,8,110008,200,110011,5000,-1,-1,-1,-1,0,4500000,117,10,0,3
99990933,0,110008,20,110011,800,-1,-1,-1,-1,0,600000,13,10,0,3
99990933,1,110008,40,110011,1000,-1,-1,-1,-1,0,900000,26,10,0,3
99990933,2,110008,60,110011,1500,-1,-1,-1,-1,0,1300000,39,10,0,3
99990933,3,110008,80,110011,2000,-1,-1,-1,-1,0,1800000,52,10,0,3
99990933,4,110008,100,110011,2000,-1,-1,-1,-1,0,2000000,65,10,0,3
99990933,5,110008,120,110011,2500,-1,-1,-1,-1,0,2500000,78,10,0,3
99990933,6,110008,150,110011,3000,-1,-1,-1,-1,0,3000000,91,10,0,3
99990933,7,110008,180,110011,4000,-1,-1,-1,-1,0,4000000,104,10,0,3
99990933,8,110008,200,110011,5000,-1,-1,-1,-1,0,4500000,117,10,0,3
99980943,0,110009,20,110011,800,-1,-1,-1,-1,0,600000,13,10,0,3
99980943,1,110009,40,110011,1000,-1,-1,-1,-1,0,900000,26,10,0,3
99980943,2,110009,60,110011,1500,-1,-1,-1,-1,0,1300000,39,10,0,3
99980943,3,110009,80,110011,2000,-1,-1,-1,-1,0,1800000,52,10,0,3
99980943,4,110009,100,110011,2000,-1,-1,-1,-1,0,2000000,65,10,0,3
99980943,5,110009,120,110011,2500,-1,-1,-1,-1,0,2500000,78,10,0,3
99980943,6,110009,150,110011,3000,-1,-1,-1,-1,0,3000000,91,10,0,3
99980943,7,110009,180,110011,4000,-1,-1,-1,-1,0,4000000,104,10,0,3
99980943,8,110009,200,110011,5000,-1,-1,-1,-1,0,4500000,117,10,0,3
99990943,0,110009,20,110011,800,-1,-1,-1,-1,0,600000,13,10,0,3
99990943,1,110009,40,110011,1000,-1,-1,-1,-1,0,900000,26,10,0,3
99990943,2,110009,60,110011,1500,-1,-1,-1,-1,0,1300000,39,10,0,3
99990943,3,110009,80,110011,2000,-1,-1,-1,-1,0,1800000,52,10,0,3
99990943,4,110009,100,110011,2000,-1,-1,-1,-1,0,2000000,65,10,0,3
99990943,5,110009,120,110011,2500,-1,-1,-1,-1,0,2500000,78,10,0,3
99990943,6,110009,150,110011,3000,-1,-1,-1,-1,0,3000000,91,10,0,3
99990943,7,110009,180,110011,4000,-1,-1,-1,-1,0,4000000,104,10,0,3
99990943,8,110009,200,110011,5000,-1,-1,-1,-1,0,4500000,117,10,0,3
99980953,0,110010,20,110011,800,-1,-1,-1,-1,0,600000,13,10,0,3
99980953,1,110010,40,110011,1000,-1,-1,-1,-1,0,900000,26,10,0,3
99980953,2,110010,60,110011,1500,-1,-1,-1,-1,0,1300000,39,10,0,3
99980953,3,110010,80,110011,2000,-1,-1,-1,-1,0,1800000,52,10,0,3
99980953,4,110010,100,110011,2000,-1,-1,-1,-1,0,2000000,65,10,0,3
99980953,5,110010,120,110011,2500,-1,-1,-1,-1,0,2500000,78,10,0,3
99980953,6,110010,150,110011,3000,-1,-1,-1,-1,0,3000000,91,10,0,3
99980953,7,110010,180,110011,4000,-1,-1,-1,-1,0,4000000,104,10,0,3
99980953,8,110010,200,110011,5000,-1,-1,-1,-1,0,4500000,117,10,0,3
99990953,0,110010,20,110011,800,-1,-1,-1,-1,0,600000,13,10,0,3
99990953,1,110010,40,110011,1000,-1,-1,-1,-1,0,900000,26,10,0,3
99990953,2,110010,60,110011,1500,-1,-1,-1,-1,0,1300000,39,10,0,3
99990953,3,110010,80,110011,2000,-1,-1,-1,-1,0,1800000,52,10,0,3
99990953,4,110010,100,110011,2000,-1,-1,-1,-1,0,2000000,65,10,0,3
99990953,5,110010,120,110011,2500,-1,-1,-1,-1,0,2500000,78,10,0,3
99990953,6,110010,150,110011,3000,-1,-1,-1,-1,0,3000000,91,10,0,3
99990953,7,110010,180,110011,4000,-1,-1,-1,-1,0,4000000,104,10,0,3
99990953,8,110010,200,110011,5000,-1,-1,-1,-1,0,4500000,117,10,0,3
99980963,0,110013,20,110011,800,-1,-1,-1,-1,0,600000,13,10,0,3
99980963,1,110013,40,110011,1000,-1,-1,-1,-1,0,900000,26,10,0,3
99980963,2,110013,60,110011,1500,-1,-1,-1,-1,0,1300000,39,10,0,3
99980963,3,110013,80,110011,2000,-1,-1,-1,-1,0,1800000,52,10,0,3
99980963,4,110013,100,110011,2000,-1,-1,-1,-1,0,2000000,65,10,0,3
99980963,5,110013,120,110011,2500,-1,-1,-1,-1,0,2500000,78,10,0,3
99980963,6,110013,150,110011,3000,-1,-1,-1,-1,0,3000000,91,10,0,3
99980963,7,110013,180,110011,4000,-1,-1,-1,-1,0,4000000,104,10,0,3
99980963,8,110013,200,110011,5000,-1,-1,-1,-1,0,4500000,117,10,0,3
99990963,0,110013,20,110011,800,-1,-1,-1,-1,0,600000,13,10,0,3
99990963,1,110013,40,110011,1000,-1,-1,-1,-1,0,900000,26,10,0,3
99990963,2,110013,60,110011,1500,-1,-1,-1,-1,0,1300000,39,10,0,3
99990963,3,110013,80,110011,2000,-1,-1,-1,-1,0,1800000,52,10,0,3
99990963,4,110013,100,110011,2000,-1,-1,-1,-1,0,2000000,65,10,0,3
99990963,5,110013,120,110011,2500,-1,-1,-1,-1,0,2500000,78,10,0,3
99990963,6,110013,150,110011,3000,-1,-1,-1,-1,0,3000000,91,10,0,3
99990963,7,110013,180,110011,4000,-1,-1,-1,-1,0,4000000,104,10,0,3
99990963,8,110013,200,110011,5000,-1,-1,-1,-1,0,4500000,117,10,0,3
59910001,0,110006,20,110011,800,-1,-1,-1,-1,0,600000,13,10,0,3
59910001,1,110006,40,110011,1000,-1,-1,-1,-1,0,900000,26,10,0,3
59910001,2,110006,60,110011,1500,-1,-1,-1,-1,0,1300000,39,10,0,3
59910001,3,110006,80,110011,2000,-1,-1,-1,-1,0,1800000,52,10,0,3
59910001,4,110006,100,110011,2000,-1,-1,-1,-1,0,2000000,65,10,0,3
59910001,5,110006,120,110011,2500,-1,-1,-1,-1,0,2500000,78,10,0,3
59910001,6,110006,150,110011,3000,-1,-1,-1,-1,0,3000000,91,10,0,3
59910001,7,110006,180,110011,4000,-1,-1,-1,-1,0,4000000,104,10,0,3
59910001,8,110006,200,110011,5000,-1,-1,-1,-1,0,4500000,117,10,0,3
59910002,0,110006,20,110011,800,-1,-1,-1,-1,0,600000,13,10,0,3
59910002,1,110006,40,110011,1000,-1,-1,-1,-1,0,900000,26,10,0,3
59910002,2,110006,60,110011,1500,-1,-1,-1,-1,0,1300000,39,10,0,3
59910002,3,110006,80,110011,2000,-1,-1,-1,-1,0,1800000,52,10,0,3
59910002,4,110006,100,110011,2000,-1,-1,-1,-1,0,2000000,65,10,0,3
59910002,5,110006,120,110011,2500,-1,-1,-1,-1,0,2500000,78,10,0,3
59910002,6,110006,150,110011,3000,-1,-1,-1,-1,0,3000000,91,10,0,3
59910002,7,110006,180,110011,4000,-1,-1,-1,-1,0,4000000,104,10,0,3
59910002,8,110006,200,110011,5000,-1,-1,-1,-1,0,4500000,117,10,0,3
59910003,0,110007,20,110011,800,-1,-1,-1,-1,0,600000,13,10,0,3
59910003,1,110007,40,110011,1000,-1,-1,-1,-1,0,900000,26,10,0,3
59910003,2,110007,60,110011,1500,-1,-1,-1,-1,0,1300000,39,10,0,3
59910003,3,110007,80,110011,2000,-1,-1,-1,-1,0,1800000,52,10,0,3
59910003,4,110007,100,110011,2000,-1,-1,-1,-1,0,2000000,65,10,0,3
59910003,5,110007,120,110011,2500,-1,-1,-1,-1,0,2500000,78,10,0,3
59910003,6,110007,150,110011,3000,-1,-1,-1,-1,0,3000000,91,10,0,3
59910003,7,110007,180,110011,4000,-1,-1,-1,-1,0,4000000,104,10,0,3
59910003,8,110007,200,110011,5000,-1,-1,-1,-1,0,4500000,117,10,0,3
59910004,0,110007,20,110011,800,-1,-1,-1,-1,0,600000,13,10,0,3
59910004,1,110007,40,110011,1000,-1,-1,-1,-1,0,900000,26,10,0,3
59910004,2,110007,60,110011,1500,-1,-1,-1,-1,0,1300000,39,10,0,3
59910004,3,110007,80,110011,2000,-1,-1,-1,-1,0,1800000,52,10,0,3
59910004,4,110007,100,110011,2000,-1,-1,-1,-1,0,2000000,65,10,0,3
59910004,5,110007,120,110011,2500,-1,-1,-1,-1,0,2500000,78,10,0,3
59910004,6,110007,150,110011,3000,-1,-1,-1,-1,0,3000000,91,10,0,3
59910004,7,110007,180,110011,4000,-1,-1,-1,-1,0,4000000,104,10,0,3
59910004,8,110007,200,110011,5000,-1,-1,-1,-1,0,4500000,117,10,0,3
59910005,0,110008,20,110011,800,-1,-1,-1,-1,0,600000,13,10,0,3
59910005,1,110008,40,110011,1000,-1,-1,-1,-1,0,900000,26,10,0,3
59910005,2,110008,60,110011,1500,-1,-1,-1,-1,0,1300000,39,10,0,3
59910005,3,110008,80,110011,2000,-1,-1,-1,-1,0,1800000,52,10,0,3
59910005,4,110008,100,110011,2000,-1,-1,-1,-1,0,2000000,65,10,0,3
59910005,5,110008,120,110011,2500,-1,-1,-1,-1,0,2500000,78,10,0,3
59910005,6,110008,150,110011,3000,-1,-1,-1,-1,0,3000000,91,10,0,3
59910005,7,110008,180,110011,4000,-1,-1,-1,-1,0,4000000,104,10,0,3
59910005,8,110008,200,110011,5000,-1,-1,-1,-1,0,4500000,117,10,0,3
59910006,0,110008,20,110011,800,-1,-1,-1,-1,0,600000,13,10,0,3
59910006,1,110008,40,110011,1000,-1,-1,-1,-1,0,900000,26,10,0,3
59910006,2,110008,60,110011,1500,-1,-1,-1,-1,0,1300000,39,10,0,3
59910006,3,110008,80,110011,2000,-1,-1,-1,-1,0,1800000,52,10,0,3
59910006,4,110008,100,110011,2000,-1,-1,-1,-1,0,2000000,65,10,0,3
59910006,5,110008,120,110011,2500,-1,-1,-1,-1,0,2500000,78,10,0,3
59910006,6,110008,150,110011,3000,-1,-1,-1,-1,0,3000000,91,10,0,3
59910006,7,110008,180,110011,4000,-1,-1,-1,-1,0,4000000,104,10,0,3
59910006,8,110008,200,110011,5000,-1,-1,-1,-1,0,4500000,117,10,0,3
59910007,0,110006,20,110011,800,-1,-1,-1,-1,0,600000,13,10,0,3
59910007,1,110006,40,110011,1000,-1,-1,-1,-1,0,900000,26,10,0,3
59910007,2,110006,60,110011,1500,-1,-1,-1,-1,0,1300000,39,10,0,3
59910007,3,110006,80,110011,2000,-1,-1,-1,-1,0,1800000,52,10,0,3
59910007,4,110006,100,110011,2000,-1,-1,-1,-1,0,2000000,65,10,0,3
59910007,5,110006,120,110011,2500,-1,-1,-1,-1,0,2500000,78,10,0,3
59910007,6,110006,150,110011,3000,-1,-1,-1,-1,0,3000000,91,10,0,3
59910007,7,110006,180,110011,4000,-1,-1,-1,-1,0,4000000,104,10,0,3
59910007,8,110006,200,110011,5000,-1,-1,-1,-1,0,4500000,117,10,0,3
59910008,0,110006,20,110011,800,-1,-1,-1,-1,0,600000,13,10,0,3
59910008,1,110006,40,110011,1000,-1,-1,-1,-1,0,900000,26,10,0,3
59910008,2,110006,60,110011,1500,-1,-1,-1,-1,0,1300000,39,10,0,3
59910008,3,110006,80,110011,2000,-1,-1,-1,-1,0,1800000,52,10,0,3
59910008,4,110006,100,110011,2000,-1,-1,-1,-1,0,2000000,65,10,0,3
59910008,5,110006,120,110011,2500,-1,-1,-1,-1,0,2500000,78,10,0,3
59910008,6,110006,150,110011,3000,-1,-1,-1,-1,0,3000000,91,10,0,3
59910008,7,110006,180,110011,4000,-1,-1,-1,-1,0,4000000,104,10,0,3
59910008,8,110006,200,110011,5000,-1,-1,-1,-1,0,4500000,117,10,0,3
59910009,0,110007,20,110011,800,-1,-1,-1,-1,0,600000,13,10,0,3
59910009,1,110007,40,110011,1000,-1,-1,-1,-1,0,900000,26,10,0,3
59910009,2,110007,60,110011,1500,-1,-1,-1,-1,0,1300000,39,10,0,3
59910009,3,110007,80,110011,2000,-1,-1,-1,-1,0,1800000,52,10,0,3
59910009,4,110007,100,110011,2000,-1,-1,-1,-1,0,2000000,65,10,0,3
59910009,5,110007,120,110011,2500,-1,-1,-1,-1,0,2500000,78,10,0,3
59910009,6,110007,150,110011,3000,-1,-1,-1,-1,0,3000000,91,10,0,3
59910009,7,110007,180,110011,4000,-1,-1,-1,-1,0,4000000,104,10,0,3
59910009,8,110007,200,110011,5000,-1,-1,-1,-1,0,4500000,117,10,0,3
59910010,0,110007,20,110011,800,-1,-1,-1,-1,0,600000,13,10,0,3
59910010,1,110007,40,110011,1000,-1,-1,-1,-1,0,900000,26,10,0,3
59910010,2,110007,60,110011,1500,-1,-1,-1,-1,0,1300000,39,10,0,3
59910010,3,110007,80,110011,2000,-1,-1,-1,-1,0,1800000,52,10,0,3
59910010,4,110007,100,110011,2000,-1,-1,-1,-1,0,2000000,65,10,0,3
59910010,5,110007,120,110011,2500,-1,-1,-1,-1,0,2500000,78,10,0,3
59910010,6,110007,150,110011,3000,-1,-1,-1,-1,0,3000000,91,10,0,3
59910010,7,110007,180,110011,4000,-1,-1,-1,-1,0,4000000,104,10,0,3
59910010,8,110007,200,110011,5000,-1,-1,-1,-1,0,4500000,117,10,0,3
59910011,0,110008,20,110011,800,-1,-1,-1,-1,0,600000,13,10,0,3
59910011,1,110008,40,110011,1000,-1,-1,-1,-1,0,900000,26,10,0,3
59910011,2,110008,60,110011,1500,-1,-1,-1,-1,0,1300000,39,10,0,3
59910011,3,110008,80,110011,2000,-1,-1,-1,-1,0,1800000,52,10,0,3
59910011,4,110008,100,110011,2000,-1,-1,-1,-1,0,2000000,65,10,0,3
59910011,5,110008,120,110011,2500,-1,-1,-1,-1,0,2500000,78,10,0,3
59910011,6,110008,150,110011,3000,-1,-1,-1,-1,0,3000000,91,10,0,3
59910011,7,110008,180,110011,4000,-1,-1,-1,-1,0,4000000,104,10,0,3
59910011,8,110008,200,110011,5000,-1,-1,-1,-1,0,4500000,117,10,0,3
59910012,0,110008,20,110011,800,-1,-1,-1,-1,0,600000,13,10,0,3
59910012,1,110008,40,110011,1000,-1,-1,-1,-1,0,900000,26,10,0,3
59910012,2,110008,60,110011,1500,-1,-1,-1,-1,0,1300000,39,10,0,3
59910012,3,110008,80,110011,2000,-1,-1,-1,-1,0,1800000,52,10,0,3
59910012,4,110008,100,110011,2000,-1,-1,-1,-1,0,2000000,65,10,0,3
59910012,5,110008,120,110011,2500,-1,-1,-1,-1,0,2500000,78,10,0,3
59910012,6,110008,150,110011,3000,-1,-1,-1,-1,0,3000000,91,10,0,3
59910012,7,110008,180,110011,4000,-1,-1,-1,-1,0,4000000,104,10,0,3
59910012,8,110008,200,110011,5000,-1,-1,-1,-1,0,4500000,117,10,0,3
59910013,0,110009,20,110011,800,-1,-1,-1,-1,0,600000,13,10,0,3
59910013,1,110009,40,110011,1000,-1,-1,-1,-1,0,900000,26,10,0,3
59910013,2,110009,60,110011,1500,-1,-1,-1,-1,0,1300000,39,10,0,3
59910013,3,110009,80,110011,2000,-1,-1,-1,-1,0,1800000,52,10,0,3
59910013,4,110009,100,110011,2000,-1,-1,-1,-1,0,2000000,65,10,0,3
59910013,5,110009,120,110011,2500,-1,-1,-1,-1,0,2500000,78,10,0,3
59910013,6,110009,150,110011,3000,-1,-1,-1,-1,0,3000000,91,10,0,3
59910013,7,110009,180,110011,4000,-1,-1,-1,-1,0,4000000,104,10,0,3
59910013,8,110009,200,110011,5000,-1,-1,-1,-1,0,4500000,117,10,0,3
59910014,0,110009,20,110011,800,-1,-1,-1,-1,0,600000,13,10,0,3
59910014,1,110009,40,110011,1000,-1,-1,-1,-1,0,900000,26,10,0,3
59910014,2,110009,60,110011,1500,-1,-1,-1,-1,0,1300000,39,10,0,3
59910014,3,110009,80,110011,2000,-1,-1,-1,-1,0,1800000,52,10,0,3
59910014,4,110009,100,110011,2000,-1,-1,-1,-1,0,2000000,65,10,0,3
59910014,5,110009,120,110011,2500,-1,-1,-1,-1,0,2500000,78,10,0,3
59910014,6,110009,150,110011,3000,-1,-1,-1,-1,0,3000000,91,10,0,3
59910014,7,110009,180,110011,4000,-1,-1,-1,-1,0,4000000,104,10,0,3
59910014,8,110009,200,110011,5000,-1,-1,-1,-1,0,4500000,117,10,0,3
59910015,0,110009,20,110011,800,-1,-1,-1,-1,0,600000,13,10,0,3
59910015,1,110009,40,110011,1000,-1,-1,-1,-1,0,900000,26,10,0,3
59910015,2,110009,60,110011,1500,-1,-1,-1,-1,0,1300000,39,10,0,3
59910015,3,110009,80,110011,2000,-1,-1,-1,-1,0,1800000,52,10,0,3
59910015,4,110009,100,110011,2000,-1,-1,-1,-1,0,2000000,65,10,0,3
59910015,5,110009,120,110011,2500,-1,-1,-1,-1,0,2500000,78,10,0,3
59910015,6,110009,150,110011,3000,-1,-1,-1,-1,0,3000000,91,10,0,3
59910015,7,110009,180,110011,4000,-1,-1,-1,-1,0,4000000,104,10,0,3
59910015,8,110009,200,110011,5000,-1,-1,-1,-1,0,4500000,117,10,0,3
59910016,0,110009,20,110011,800,-1,-1,-1,-1,0,600000,13,10,0,3
59910016,1,110009,40,110011,1000,-1,-1,-1,-1,0,900000,26,10,0,3
59910016,2,110009,60,110011,1500,-1,-1,-1,-1,0,1300000,39,10,0,3
59910016,3,110009,80,110011,2000,-1,-1,-1,-1,0,1800000,52,10,0,3
59910016,4,110009,100,110011,2000,-1,-1,-1,-1,0,2000000,65,10,0,3
59910016,5,110009,120,110011,2500,-1,-1,-1,-1,0,2500000,78,10,0,3
59910016,6,110009,150,110011,3000,-1,-1,-1,-1,0,3000000,91,10,0,3
59910016,7,110009,180,110011,4000,-1,-1,-1,-1,0,4000000,104,10,0,3
59910016,8,110009,200,110011,5000,-1,-1,-1,-1,0,4500000,117,10,0,3
59910017,0,110010,20,110011,800,-1,-1,-1,-1,0,600000,13,10,0,3
59910017,1,110010,40,110011,1000,-1,-1,-1,-1,0,900000,26,10,0,3
59910017,2,110010,60,110011,1500,-1,-1,-1,-1,0,1300000,39,10,0,3
59910017,3,110010,80,110011,2000,-1,-1,-1,-1,0,1800000,52,10,0,3
59910017,4,110010,100,110011,2000,-1,-1,-1,-1,0,2000000,65,10,0,3
59910017,5,110010,120,110011,2500,-1,-1,-1,-1,0,2500000,78,10,0,3
59910017,6,110010,150,110011,3000,-1,-1,-1,-1,0,3000000,91,10,0,3
59910017,7,110010,180,110011,4000,-1,-1,-1,-1,0,4000000,104,10,0,3
59910017,8,110010,200,110011,5000,-1,-1,-1,-1,0,4500000,117,10,0,3
59910018,0,110010,20,110011,800,-1,-1,-1,-1,0,600000,13,10,0,3
59910018,1,110010,40,110011,1000,-1,-1,-1,-1,0,900000,26,10,0,3
59910018,2,110010,60,110011,1500,-1,-1,-1,-1,0,1300000,39,10,0,3
59910018,3,110010,80,110011,2000,-1,-1,-1,-1,0,1800000,52,10,0,3
59910018,4,110010,100,110011,2000,-1,-1,-1,-1,0,2000000,65,10,0,3
59910018,5,110010,120,110011,2500,-1,-1,-1,-1,0,2500000,78,10,0,3
59910018,6,110010,150,110011,3000,-1,-1,-1,-1,0,3000000,91,10,0,3
59910018,7,110010,180,110011,4000,-1,-1,-1,-1,0,4000000,104,10,0,3
59910018,8,110010,200,110011,5000,-1,-1,-1,-1,0,4500000,117,10,0,3
59910019,0,110010,20,110011,800,-1,-1,-1,-1,0,600000,13,10,0,3
59910019,1,110010,40,110011,1000,-1,-1,-1,-1,0,900000,26,10,0,3
59910019,2,110010,60,110011,1500,-1,-1,-1,-1,0,1300000,39,10,0,3
59910019,3,110010,80,110011,2000,-1,-1,-1,-1,0,1800000,52,10,0,3
59910019,4,110010,100,110011,2000,-1,-1,-1,-1,0,2000000,65,10,0,3
59910019,5,110010,120,110011,2500,-1,-1,-1,-1,0,2500000,78,10,0,3
59910019,6,110010,150,110011,3000,-1,-1,-1,-1,0,3000000,91,10,0,3
59910019,7,110010,180,110011,4000,-1,-1,-1,-1,0,4000000,104,10,0,3
59910019,8,110010,200,110011,5000,-1,-1,-1,-1,0,4500000,117,10,0,3
59910020,0,110010,20,110011,800,-1,-1,-1,-1,0,600000,13,10,0,3
59910020,1,110010,40,110011,1000,-1,-1,-1,-1,0,900000,26,10,0,3
59910020,2,110010,60,110011,1500,-1,-1,-1,-1,0,1300000,39,10,0,3
59910020,3,110010,80,110011,2000,-1,-1,-1,-1,0,1800000,52,10,0,3
59910020,4,110010,100,110011,2000,-1,-1,-1,-1,0,2000000,65,10,0,3
59910020,5,110010,120,110011,2500,-1,-1,-1,-1,0,2500000,78,10,0,3
59910020,6,110010,150,110011,3000,-1,-1,-1,-1,0,3000000,91,10,0,3
59910020,7,110010,180,110011,4000,-1,-1,-1,-1,0,4000000,104,10,0,3
59910020,8,110010,200,110011,5000,-1,-1,-1,-1,0,4500000,117,10,0,3
59910021,0,110013,20,110011,800,-1,-1,-1,-1,0,600000,13,10,0,3
59910021,1,110013,40,110011,1000,-1,-1,-1,-1,0,900000,26,10,0,3
59910021,2,110013,60,110011,1500,-1,-1,-1,-1,0,1300000,39,10,0,3
59910021,3,110013,80,110011,2000,-1,-1,-1,-1,0,1800000,52,10,0,3
59910021,4,110013,100,110011,2000,-1,-1,-1,-1,0,2000000,65,10,0,3
59910021,5,110013,120,110011,2500,-1,-1,-1,-1,0,2500000,78,10,0,3
59910021,6,110013,150,110011,3000,-1,-1,-1,-1,0,3000000,91,10,0,3
59910021,7,110013,180,110011,4000,-1,-1,-1,-1,0,4000000,104,10,0,3
59910021,8,110013,200,110011,5000,-1,-1,-1,-1,0,4500000,117,10,0,3
59910022,0,110013,20,110011,800,-1,-1,-1,-1,0,600000,13,10,0,3
59910022,1,110013,40,110011,1000,-1,-1,-1,-1,0,900000,26,10,0,3
59910022,2,110013,60,110011,1500,-1,-1,-1,-1,0,1300000,39,10,0,3
59910022,3,110013,80,110011,2000,-1,-1,-1,-1,0,1800000,52,10,0,3
59910022,4,110013,100,110011,2000,-1,-1,-1,-1,0,2000000,65,10,0,3
59910022,5,110013,120,110011,2500,-1,-1,-1,-1,0,2500000,78,10,0,3
59910022,6,110013,150,110011,3000,-1,-1,-1,-1,0,3000000,91,10,0,3
59910022,7,110013,180,110011,4000,-1,-1,-1,-1,0,4000000,104,10,0,3
59910022,8,110013,200,110011,5000,-1,-1,-1,-1,0,4500000,117,10,0,3
59910023,0,110013,20,110011,800,-1,-1,-1,-1,0,600000,13,10,0,3
59910023,1,110013,40,110011,1000,-1,-1,-1,-1,0,900000,26,10,0,3
59910023,2,110013,60,110011,1500,-1,-1,-1,-1,0,1300000,39,10,0,3
59910023,3,110013,80,110011,2000,-1,-1,-1,-1,0,1800000,52,10,0,3
59910023,4,110013,100,110011,2000,-1,-1,-1,-1,0,2000000,65,10,0,3
59910023,5,110013,120,110011,2500,-1,-1,-1,-1,0,2500000,78,10,0,3
59910023,6,110013,150,110011,3000,-1,-1,-1,-1,0,3000000,91,10,0,3
59910023,7,110013,180,110011,4000,-1,-1,-1,-1,0,4000000,104,10,0,3
59910023,8,110013,200,110011,5000,-1,-1,-1,-1,0,4500000,117,10,0,3
59910024,0,110013,20,110011,800,-1,-1,-1,-1,0,600000,13,10,0,3
59910024,1,110013,40,110011,1000,-1,-1,-1,-1,0,900000,26,10,0,3
59910024,2,110013,60,110011,1500,-1,-1,-1,-1,0,1300000,39,10,0,3
59910024,3,110013,80,110011,2000,-1,-1,-1,-1,0,1800000,52,10,0,3
59910024,4,110013,100,110011,2000,-1,-1,-1,-1,0,2000000,65,10,0,3
59910024,5,110013,120,110011,2500,-1,-1,-1,-1,0,2500000,78,10,0,3
59910024,6,110013,150,110011,3000,-1,-1,-1,-1,0,3000000,91,10,0,3
59910024,7,110013,180,110011,4000,-1,-1,-1,-1,0,4000000,104,10,0,3
59910024,8,110013,200,110011,5000,-1,-1,-1,-1,0,4500000,117,10,0,3
99990511,0,110006,1,110007,1,110008,1,110011,50,0,50000,2,10,0,3
99990511,1,110006,1,110007,1,110008,1,110011,100,0,50000,4,10,0,3
99990511,2,110006,1,110007,1,110008,1,110011,100,0,100000,6,10,0,3
99990511,3,110006,1,110007,1,110008,1,110011,200,0,100000,8,10,0,3
99990511,4,110006,2,110007,2,110008,2,110011,200,0,150000,10,10,0,3
99990511,5,110006,3,110007,3,110008,3,110011,250,0,200000,12,10,0,3
99990511,6,110006,3,110007,3,110008,3,110011,300,0,250000,14,10,0,3
99990511,7,110006,5,110007,5,110008,5,110011,500,0,400000,16,10,0,3
99990511,8,110006,7,110007,7,110008,7,110011,600,0,500000,18,10,0,3
99980513,0,110006,3,110011,100,-1,-1,-1,-1,0,100000,4,10,0,3
99980513,1,110006,5,110011,200,-1,-1,-1,-1,0,150000,8,10,0,3
99980513,2,110006,8,110011,200,-1,-1,-1,-1,0,200000,12,10,0,3
99980513,3,110006,10,110011,300,-1,-1,-1,-1,0,250000,16,10,0,3
99980513,4,110006,15,110011,300,-1,-1,-1,-1,0,300000,20,10,0,3
99980513,5,110006,20,110011,400,-1,-1,-1,-1,0,400000,24,10,0,3
99980513,6,110006,25,110011,400,-1,-1,-1,-1,0,500000,28,10,0,3
99980513,7,110006,30,110011,800,-1,-1,-1,-1,0,700000,32,10,0,3
99980513,8,110006,40,110011,1000,-1,-1,-1,-1,0,900000,36,10,0,3
99990513,0,110006,3,110011,100,-1,-1,-1,-1,0,100000,4,10,0,3
99990513,1,110006,5,110011,200,-1,-1,-1,-1,0,150000,8,10,0,3
99990513,2,110006,8,110011,200,-1,-1,-1,-1,0,200000,12,10,0,3
99990513,3,110006,10,110011,300,-1,-1,-1,-1,0,250000,16,10,0,3
99990513,4,110006,15,110011,300,-1,-1,-1,-1,0,300000,20,10,0,3
99990513,5,110006,20,110011,400,-1,-1,-1,-1,0,400000,24,10,0,3
99990513,6,110006,25,110011,400,-1,-1,-1,-1,0,500000,28,10,0,3
99990513,7,110006,30,110011,800,-1,-1,-1,-1,0,700000,32,10,0,3
99990513,8,110006,40,110011,1000,-1,-1,-1,-1,0,900000,36,10,0,3
99980523,0,110007,3,110011,100,-1,-1,-1,-1,0,100000,4,10,0,3
99980523,1,110007,5,110011,200,-1,-1,-1,-1,0,150000,8,10,0,3
99980523,2,110007,8,110011,200,-1,-1,-1,-1,0,200000,12,10,0,3
99980523,3,110007,10,110011,300,-1,-1,-1,-1,0,250000,16,10,0,3
99980523,4,110007,15,110011,300,-1,-1,-1,-1,0,300000,20,10,0,3
99980523,5,110007,20,110011,400,-1,-1,-1,-1,0,400000,24,10,0,3
99980523,6,110007,25,110011,400,-1,-1,-1,-1,0,500000,28,10,0,3
99980523,7,110007,30,110011,800,-1,-1,-1,-1,0,700000,32,10,0,3
99980523,8,110007,40,110011,1000,-1,-1,-1,-1,0,900000,36,10,0,3
99990523,0,110007,3,110011,100,-1,-1,-1,-1,0,100000,4,10,0,3
99990523,1,110007,5,110011,200,-1,-1,-1,-1,0,150000,8,10,0,3
99990523,2,110007,8,110011,200,-1,-1,-1,-1,0,200000,12,10,0,3
99990523,3,110007,10,110011,300,-1,-1,-1,-1,0,250000,16,10,0,3
99990523,4,110007,15,110011,300,-1,-1,-1,-1,0,300000,20,10,0,3
99990523,5,110007,20,110011,400,-1,-1,-1,-1,0,400000,24,10,0,3
99990523,6,110007,25,110011,400,-1,-1,-1,-1,0,500000,28,10,0,3
99990523,7,110007,30,110011,800,-1,-1,-1,-1,0,700000,32,10,0,3
99990523,8,110007,40,110011,1000,-1,-1,-1,-1,0,900000,36,10,0,3
99980533,0,110008,3,110011,100,-1,-1,-1,-1,0,100000,4,10,0,3
99980533,1,110008,5,110011,200,-1,-1,-1,-1,0,150000,8,10,0,3
99980533,2,110008,8,110011,200,-1,-1,-1,-1,0,200000,12,10,0,3
99980533,3,110008,10,110011,300,-1,-1,-1,-1,0,250000,16,10,0,3
99980533,4,110008,15,110011,300,-1,-1,-1,-1,0,300000,20,10,0,3
99980533,5,110008,20,110011,400,-1,-1,-1,-1,0,400000,24,10,0,3
99980533,6,110008,25,110011,400,-1,-1,-1,-1,0,500000,28,10,0,3
99980533,7,110008,30,110011,800,-1,-1,-1,-1,0,700000,32,10,0,3
99980533,8,110008,40,110011,1000,-1,-1,-1,-1,0,900000,36,10,0,3
99990533,0,110008,3,110011,100,-1,-1,-1,-1,0,100000,4,10,0,3
99990533,1,110008,5,110011,200,-1,-1,-1,-1,0,150000,8,10,0,3
99990533,2,110008,8,110011,200,-1,-1,-1,-1,0,200000,12,10,0,3
99990533,3,110008,10,110011,300,-1,-1,-1,-1,0,250000,16,10,0,3
99990533,4,110008,15,110011,300,-1,-1,-1,-1,0,300000,20,10,0,3
99990533,5,110008,20,110011,400,-1,-1,-1,-1,0,400000,24,10,0,3
99990533,6,110008,25,110011,400,-1,-1,-1,-1,0,500000,28,10,0,3
99990533,7,110008,30,110011,800,-1,-1,-1,-1,0,700000,32,10,0,3
99990533,8,110008,40,110011,1000,-1,-1,-1,-1,0,900000,36,10,0,3
99980543,0,110009,3,110011,100,-1,-1,-1,-1,0,100000,4,10,0,3
99980543,1,110009,5,110011,200,-1,-1,-1,-1,0,150000,8,10,0,3
99980543,2,110009,8,110011,200,-1,-1,-1,-1,0,200000,12,10,0,3
99980543,3,110009,10,110011,300,-1,-1,-1,-1,0,250000,16,10,0,3
99980543,4,110009,15,110011,300,-1,-1,-1,-1,0,300000,20,10,0,3
99980543,5,110009,20,110011,400,-1,-1,-1,-1,0,400000,24,10,0,3
99980543,6,110009,25,110011,400,-1,-1,-1,-1,0,500000,28,10,0,3
99980543,7,110009,30,110011,800,-1,-1,-1,-1,0,700000,32,10,0,3
99980543,8,110009,40,110011,1000,-1,-1,-1,-1,0,900000,36,10,0,3
99990543,0,110009,3,110011,100,-1,-1,-1,-1,0,100000,4,10,0,3
99990543,1,110009,5,110011,200,-1,-1,-1,-1,0,150000,8,10,0,3
99990543,2,110009,8,110011,200,-1,-1,-1,-1,0,200000,12,10,0,3
99990543,3,110009,10,110011,300,-1,-1,-1,-1,0,250000,16,10,0,3
99990543,4,110009,15,110011,300,-1,-1,-1,-1,0,300000,20,10,0,3
99990543,5,110009,20,110011,400,-1,-1,-1,-1,0,400000,24,10,0,3
99990543,6,110009,25,110011,400,-1,-1,-1,-1,0,500000,28,10,0,3
99990543,7,110009,30,110011,800,-1,-1,-1,-1,0,700000,32,10,0,3
99990543,8,110009,40,110011,1000,-1,-1,-1,-1,0,900000,36,10,0,3
99980553,0,110010,3,110011,100,-1,-1,-1,-1,0,100000,4,10,0,3
99980553,1,110010,5,110011,200,-1,-1,-1,-1,0,150000,8,10,0,3
99980553,2,110010,8,110011,200,-1,-1,-1,-1,0,200000,12,10,0,3
99980553,3,110010,10,110011,300,-1,-1,-1,-1,0,250000,16,10,0,3
99980553,4,110010,15,110011,300,-1,-1,-1,-1,0,300000,20,10,0,3
99980553,5,110010,20,110011,400,-1,-1,-1,-1,0,400000,24,10,0,3
99980553,6,110010,25,110011,400,-1,-1,-1,-1,0,500000,28,10,0,3
99980553,7,110010,30,110011,800,-1,-1,-1,-1,0,700000,32,10,0,3
99980553,8,110010,40,110011,1000,-1,-1,-1,-1,0,900000,36,10,0,3
99990553,0,110010,3,110011,100,-1,-1,-1,-1,0,100000,4,10,0,3
99990553,1,110010,5,110011,200,-1,-1,-1,-1,0,150000,8,10,0,3
99990553,2,110010,8,110011,200,-1,-1,-1,-1,0,200000,12,10,0,3
99990553,3,110010,10,110011,300,-1,-1,-1,-1,0,250000,16,10,0,3
99990553,4,110010,15,110011,300,-1,-1,-1,-1,0,300000,20,10,0,3
99990553,5,110010,20,110011,400,-1,-1,-1,-1,0,400000,24,10,0,3
99990553,6,110010,25,110011,400,-1,-1,-1,-1,0,500000,28,10,0,3
99990553,7,110010,30,110011,800,-1,-1,-1,-1,0,700000,32,10,0,3
99990553,8,110010,40,110011,1000,-1,-1,-1,-1,0,900000,36,10,0,3
99980563,0,110013,3,110011,100,-1,-1,-1,-1,0,100000,4,10,0,3
99980563,1,110013,5,110011,200,-1,-1,-1,-1,0,150000,8,10,0,3
99980563,2,110013,8,110011,200,-1,-1,-1,-1,0,200000,12,10,0,3
99980563,3,110013,10,110011,300,-1,-1,-1,-1,0,250000,16,10,0,3
99980563,4,110013,15,110011,300,-1,-1,-1,-1,0,300000,20,10,0,3
99980563,5,110013,20,110011,400,-1,-1,-1,-1,0,400000,24,10,0,3
99980563,6,110013,25,110011,400,-1,-1,-1,-1,0,500000,28,10,0,3
99980563,7,110013,30,110011,800,-1,-1,-1,-1,0,700000,32,10,0,3
99980563,8,110013,40,110011,1000,-1,-1,-1,-1,0,900000,36,10,0,3
99990563,0,110013,3,110011,100,-1,-1,-1,-1,0,100000,4,10,0,3
99990563,1,110013,5,110011,200,-1,-1,-1,-1,0,150000,8,10,0,3
99990563,2,110013,8,110011,200,-1,-1,-1,-1,0,200000,12,10,0,3
99990563,3,110013,10,110011,300,-1,-1,-1,-1,0,250000,16,10,0,3
99990563,4,110013,15,110011,300,-1,-1,-1,-1,0,300000,20,10,0,3
99990563,5,110013,20,110011,400,-1,-1,-1,-1,0,400000,24,10,0,3
99990563,6,110013,25,110011,400,-1,-1,-1,-1,0,500000,28,10,0,3
99990563,7,110013,30,110011,800,-1,-1,-1,-1,0,700000,32,10,0,3
99990563,8,110013,40,110011,1000,-1,-1,-1,-1,0,900000,36,10,0,3
99990515,0,110006,1,110007,1,110008,1,110011,50,0,50000,2,10,0,3
99990515,1,110006,1,110007,1,110008,1,110011,100,0,50000,4,10,0,3
99990515,2,110006,1,110007,1,110008,1,110011,100,0,100000,6,10,0,3
99990515,3,110006,1,110007,1,110008,1,110011,200,0,100000,8,10,0,3
99990515,4,110006,2,110007,2,110008,2,110011,200,0,150000,10,10,0,3
99990515,5,110006,3,110007,3,110008,3,110011,250,0,200000,12,10,0,3
99990515,6,110006,3,110007,3,110008,3,110011,300,0,250000,14,10,0,3
99990515,7,110006,5,110007,5,110008,5,110011,500,0,400000,16,10,0,3
99990515,8,110006,7,110007,7,110008,7,110011,600,0,500000,18,10,0,3
99990517,0,110006,1,110007,1,110008,1,110011,50,0,50000,2,10,0,3
99990517,1,110006,1,110007,1,110008,1,110011,100,0,50000,4,10,0,3
99990517,2,110006,1,110007,1,110008,1,110011,100,0,100000,6,10,0,3
99990517,3,110006,1,110007,1,110008,1,110011,200,0,100000,8,10,0,3
99990517,4,110006,2,110007,2,110008,2,110011,200,0,150000,10,10,0,3
99990517,5,110006,3,110007,3,110008,3,110011,250,0,200000,12,10,0,3
99990517,6,110006,3,110007,3,110008,3,110011,300,0,250000,14,10,0,3
99990517,7,110006,5,110007,5,110008,5,110011,500,0,400000,16,10,0,3
99990517,8,110006,7,110007,7,110008,7,110011,600,0,500000,18,10,0,3
99990611,0,110006,3,110011,100,-1,-1,-1,-1,0,100000,4,10,0,3
99990611,1,110006,5,110011,200,-1,-1,-1,-1,0,150000,8,10,0,3
99990611,2,110006,8,110011,200,-1,-1,-1,-1,0,200000,12,10,0,3
99990611,3,110006,10,110011,300,-1,-1,-1,-1,0,250000,16,10,0,3
99990611,4,110006,15,110011,300,-1,-1,-1,-1,0,300000,20,10,0,3
99990611,5,110006,20,110011,400,-1,-1,-1,-1,0,400000,24,10,0,3
99990611,6,110006,30,110011,400,-1,-1,-1,-1,0,500000,28,10,0,3
99990611,7,110006,40,110011,800,-1,-1,-1,-1,0,800000,32,10,0,3
99990611,8,110006,50,110011,1000,-1,-1,-1,-1,0,1000000,36,10,0,3
99990621,0,110007,3,110011,100,-1,-1,-1,-1,0,100000,4,10,0,3
99990621,1,110007,5,110011,200,-1,-1,-1,-1,0,150000,8,10,0,3
99990621,2,110007,8,110011,200,-1,-1,-1,-1,0,200000,12,10,0,3
99990621,3,110007,10,110011,300,-1,-1,-1,-1,0,250000,16,10,0,3
99990621,4,110007,15,110011,300,-1,-1,-1,-1,0,300000,20,10,0,3
99990621,5,110007,20,110011,400,-1,-1,-1,-1,0,400000,24,10,0,3
99990621,6,110007,30,110011,400,-1,-1,-1,-1,0,500000,28,10,0,3
99990621,7,110007,40,110011,800,-1,-1,-1,-1,0,800000,32,10,0,3
99990621,8,110007,50,110011,1000,-1,-1,-1,-1,0,1000000,36,10,0,3
99990631,0,110008,3,110011,100,-1,-1,-1,-1,0,100000,4,10,0,3
99990631,1,110008,5,110011,200,-1,-1,-1,-1,0,150000,8,10,0,3
99990631,2,110008,8,110011,200,-1,-1,-1,-1,0,200000,12,10,0,3
99990631,3,110008,10,110011,300,-1,-1,-1,-1,0,250000,16,10,0,3
99990631,4,110008,15,110011,300,-1,-1,-1,-1,0,300000,20,10,0,3
99990631,5,110008,20,110011,400,-1,-1,-1,-1,0,400000,24,10,0,3
99990631,6,110008,30,110011,400,-1,-1,-1,-1,0,500000,28,10,0,3
99990631,7,110008,40,110011,800,-1,-1,-1,-1,0,800000,32,10,0,3
99990631,8,110008,50,110011,1000,-1,-1,-1,-1,0,1000000,36,10,0,3
99990641,0,110009,3,110011,100,-1,-1,-1,-1,0,100000,4,10,0,3
99990641,1,110009,5,110011,200,-1,-1,-1,-1,0,150000,8,10,0,3
99990641,2,110009,8,110011,200,-1,-1,-1,-1,0,200000,12,10,0,3
99990641,3,110009,10,110011,300,-1,-1,-1,-1,0,250000,16,10,0,3
99990641,4,110009,15,110011,300,-1,-1,-1,-1,0,300000,20,10,0,3
99990641,5,110009,20,110011,400,-1,-1,-1,-1,0,400000,24,10,0,3
99990641,6,110009,30,110011,400,-1,-1,-1,-1,0,500000,28,10,0,3
99990641,7,110009,40,110011,800,-1,-1,-1,-1,0,800000,32,10,0,3
99990641,8,110009,50,110011,1000,-1,-1,-1,-1,0,1000000,36,10,0,3
99990651,0,110010,3,110011,100,-1,-1,-1,-1,0,100000,4,10,0,3
99990651,1,110010,5,110011,200,-1,-1,-1,-1,0,150000,8,10,0,3
99990651,2,110010,8,110011,200,-1,-1,-1,-1,0,200000,12,10,0,3
99990651,3,110010,10,110011,300,-1,-1,-1,-1,0,250000,16,10,0,3
99990651,4,110010,15,110011,300,-1,-1,-1,-1,0,300000,20,10,0,3
99990651,5,110010,20,110011,400,-1,-1,-1,-1,0,400000,24,10,0,3
99990651,6,110010,30,110011,400,-1,-1,-1,-1,0,500000,28,10,0,3
99990651,7,110010,40,110011,800,-1,-1,-1,-1,0,800000,32,10,0,3
99990651,8,110010,50,110011,1000,-1,-1,-1,-1,0,1000000,36,10,0,3
99990661,0,110013,3,110011,100,-1,-1,-1,-1,0,100000,4,10,0,3
99990661,1,110013,5,110011,200,-1,-1,-1,-1,0,150000,8,10,0,3
99990661,2,110013,8,110011,200,-1,-1,-1,-1,0,200000,12,10,0,3
99990661,3,110013,10,110011,300,-1,-1,-1,-1,0,250000,16,10,0,3
99990661,4,110013,15,110011,300,-1,-1,-1,-1,0,300000,20,10,0,3
99990661,5,110013,20,110011,400,-1,-1,-1,-1,0,400000,24,10,0,3
99990661,6,110013,30,110011,400,-1,-1,-1,-1,0,500000,28,10,0,3
99990661,7,110013,40,110011,800,-1,-1,-1,-1,0,800000,32,10,0,3
99990661,8,110013,50,110011,1000,-1,-1,-1,-1,0,1000000,36,10,0,3
99980613,0,110006,5,110011,200,-1,-1,-1,-1,0,150000,6,10,0,3
99980613,1,110006,7,110011,200,-1,-1,-1,-1,0,200000,12,10,0,3
99980613,2,110006,10,110011,300,-1,-1,-1,-1,0,250000,18,10,0,3
99980613,3,110006,15,110011,300,-1,-1,-1,-1,0,300000,24,10,0,3
99980613,4,110006,20,110011,400,-1,-1,-1,-1,0,400000,30,10,0,3
99980613,5,110006,30,110011,600,-1,-1,-1,-1,0,600000,36,10,0,3
99980613,6,110006,40,110011,800,-1,-1,-1,-1,0,800000,42,10,0,3
99980613,7,110006,60,110011,1200,-1,-1,-1,-1,0,1000000,48,10,0,3
99980613,8,110006,80,110011,1500,-1,-1,-1,-1,0,1300000,54,10,0,3
99990613,0,110006,5,110011,200,-1,-1,-1,-1,0,150000,6,10,0,3
99990613,1,110006,7,110011,200,-1,-1,-1,-1,0,200000,12,10,0,3
99990613,2,110006,10,110011,300,-1,-1,-1,-1,0,250000,18,10,0,3
99990613,3,110006,15,110011,300,-1,-1,-1,-1,0,300000,24,10,0,3
99990613,4,110006,20,110011,400,-1,-1,-1,-1,0,400000,30,10,0,3
99990613,5,110006,30,110011,600,-1,-1,-1,-1,0,600000,36,10,0,3
99990613,6,110006,40,110011,800,-1,-1,-1,-1,0,800000,42,10,0,3
99990613,7,110006,60,110011,1200,-1,-1,-1,-1,0,1000000,48,10,0,3
99990613,8,110006,80,110011,1500,-1,-1,-1,-1,0,1300000,54,10,0,3
99980623,0,110007,5,110011,200,-1,-1,-1,-1,0,150000,6,10,0,3
99980623,1,110007,7,110011,200,-1,-1,-1,-1,0,200000,12,10,0,3
99980623,2,110007,10,110011,300,-1,-1,-1,-1,0,250000,18,10,0,3
99980623,3,110007,15,110011,300,-1,-1,-1,-1,0,300000,24,10,0,3
99980623,4,110007,20,110011,400,-1,-1,-1,-1,0,400000,30,10,0,3
99980623,5,110007,30,110011,600,-1,-1,-1,-1,0,600000,36,10,0,3
99980623,6,110007,40,110011,800,-1,-1,-1,-1,0,800000,42,10,0,3
99980623,7,110007,60,110011,1200,-1,-1,-1,-1,0,1000000,48,10,0,3
99980623,8,110007,80,110011,1500,-1,-1,-1,-1,0,1300000,54,10,0,3
99990623,0,110007,5,110011,200,-1,-1,-1,-1,0,150000,6,10,0,3
99990623,1,110007,7,110011,200,-1,-1,-1,-1,0,200000,12,10,0,3
99990623,2,110007,10,110011,300,-1,-1,-1,-1,0,250000,18,10,0,3
99990623,3,110007,15,110011,300,-1,-1,-1,-1,0,300000,24,10,0,3
99990623,4,110007,20,110011,400,-1,-1,-1,-1,0,400000,30,10,0,3
99990623,5,110007,30,110011,600,-1,-1,-1,-1,0,600000,36,10,0,3
99990623,6,110007,40,110011,800,-1,-1,-1,-1,0,800000,42,10,0,3
99990623,7,110007,60,110011,1200,-1,-1,-1,-1,0,1000000,48,10,0,3
99990623,8,110007,80,110011,1500,-1,-1,-1,-1,0,1300000,54,10,0,3
99980633,0,110008,5,110011,200,-1,-1,-1,-1,0,150000,6,10,0,3
99980633,1,110008,7,110011,200,-1,-1,-1,-1,0,200000,12,10,0,3
99980633,2,110008,10,110011,300,-1,-1,-1,-1,0,250000,18,10,0,3
99980633,3,110008,15,110011,300,-1,-1,-1,-1,0,300000,24,10,0,3
99980633,4,110008,20,110011,400,-1,-1,-1,-1,0,400000,30,10,0,3
99980633,5,110008,30,110011,600,-1,-1,-1,-1,0,600000,36,10,0,3
99980633,6,110008,40,110011,800,-1,-1,-1,-1,0,800000,42,10,0,3
99980633,7,110008,60,110011,1200,-1,-1,-1,-1,0,1000000,48,10,0,3
99980633,8,110008,80,110011,1500,-1,-1,-1,-1,0,1300000,54,10,0,3
99990633,0,110008,5,110011,200,-1,-1,-1,-1,0,150000,6,10,0,3
99990633,1,110008,7,110011,200,-1,-1,-1,-1,0,200000,12,10,0,3
99990633,2,110008,10,110011,300,-1,-1,-1,-1,0,250000,18,10,0,3
99990633,3,110008,15,110011,300,-1,-1,-1,-1,0,300000,24,10,0,3
99990633,4,110008,20,110011,400,-1,-1,-1,-1,0,400000,30,10,0,3
99990633,5,110008,30,110011,600,-1,-1,-1,-1,0,600000,36,10,0,3
99990633,6,110008,40,110011,800,-1,-1,-1,-1,0,800000,42,10,0,3
99990633,7,110008,60,110011,1200,-1,-1,-1,-1,0,1000000,48,10,0,3
99990633,8,110008,80,110011,1500,-1,-1,-1,-1,0,1300000,54,10,0,3
99980643,0,110009,5,110011,200,-1,-1,-1,-1,0,150000,6,10,0,3
99980643,1,110009,7,110011,200,-1,-1,-1,-1,0,200000,12,10,0,3
99980643,2,110009,10,110011,300,-1,-1,-1,-1,0,250000,18,10,0,3
99980643,3,110009,15,110011,300,-1,-1,-1,-1,0,300000,24,10,0,3
99980643,4,110009,20,110011,400,-1,-1,-1,-1,0,400000,30,10,0,3
99980643,5,110009,30,110011,600,-1,-1,-1,-1,0,600000,36,10,0,3
99980643,6,110009,40,110011,800,-1,-1,-1,-1,0,800000,42,10,0,3
99980643,7,110009,60,110011,1200,-1,-1,-1,-1,0,1000000,48,10,0,3
99980643,8,110009,80,110011,1500,-1,-1,-1,-1,0,1300000,54,10,0,3
99990643,0,110009,5,110011,200,-1,-1,-1,-1,0,150000,6,10,0,3
99990643,1,110009,7,110011,200,-1,-1,-1,-1,0,200000,12,10,0,3
99990643,2,110009,10,110011,300,-1,-1,-1,-1,0,250000,18,10,0,3
99990643,3,110009,15,110011,300,-1,-1,-1,-1,0,300000,24,10,0,3
99990643,4,110009,20,110011,400,-1,-1,-1,-1,0,400000,30,10,0,3
99990643,5,110009,30,110011,600,-1,-1,-1,-1,0,600000,36,10,0,3
99990643,6,110009,40,110011,800,-1,-1,-1,-1,0,800000,42,10,0,3
99990643,7,110009,60,110011,1200,-1,-1,-1,-1,0,1000000,48,10,0,3
99990643,8,110009,80,110011,1500,-1,-1,-1,-1,0,1300000,54,10,0,3
99980653,0,110010,5,110011,200,-1,-1,-1,-1,0,150000,6,10,0,3
99980653,1,110010,7,110011,200,-1,-1,-1,-1,0,200000,12,10,0,3
99980653,2,110010,10,110011,300,-1,-1,-1,-1,0,250000,18,10,0,3
99980653,3,110010,15,110011,300,-1,-1,-1,-1,0,300000,24,10,0,3
99980653,4,110010,20,110011,400,-1,-1,-1,-1,0,400000,30,10,0,3
99980653,5,110010,30,110011,600,-1,-1,-1,-1,0,600000,36,10,0,3
99980653,6,110010,40,110011,800,-1,-1,-1,-1,0,800000,42,10,0,3
99980653,7,110010,60,110011,1200,-1,-1,-1,-1,0,1000000,48,10,0,3
99980653,8,110010,80,110011,1500,-1,-1,-1,-1,0,1300000,54,10,0,3
99990653,0,110010,5,110011,200,-1,-1,-1,-1,0,150000,6,10,0,3
99990653,1,110010,7,110011,200,-1,-1,-1,-1,0,200000,12,10,0,3
99990653,2,110010,10,110011,300,-1,-1,-1,-1,0,250000,18,10,0,3
99990653,3,110010,15,110011,300,-1,-1,-1,-1,0,300000,24,10,0,3
99990653,4,110010,20,110011,400,-1,-1,-1,-1,0,400000,30,10,0,3
99990653,5,110010,30,110011,600,-1,-1,-1,-1,0,600000,36,10,0,3
99990653,6,110010,40,110011,800,-1,-1,-1,-1,0,800000,42,10,0,3
99990653,7,110010,60,110011,1200,-1,-1,-1,-1,0,1000000,48,10,0,3
99990653,8,110010,80,110011,1500,-1,-1,-1,-1,0,1300000,54,10,0,3
99980663,0,110013,5,110011,200,-1,-1,-1,-1,0,150000,6,10,0,3
99980663,1,110013,7,110011,200,-1,-1,-1,-1,0,200000,12,10,0,3
99980663,2,110013,10,110011,300,-1,-1,-1,-1,0,250000,18,10,0,3
99980663,3,110013,15,110011,300,-1,-1,-1,-1,0,300000,24,10,0,3
99980663,4,110013,20,110011,400,-1,-1,-1,-1,0,400000,30,10,0,3
99980663,5,110013,30,110011,600,-1,-1,-1,-1,0,600000,36,10,0,3
99980663,6,110013,40,110011,800,-1,-1,-1,-1,0,800000,42,10,0,3
99980663,7,110013,60,110011,1200,-1,-1,-1,-1,0,1000000,48,10,0,3
99980663,8,110013,80,110011,1500,-1,-1,-1,-1,0,1300000,54,10,0,3
99990663,0,110013,5,110011,200,-1,-1,-1,-1,0,150000,6,10,0,3
99990663,1,110013,7,110011,200,-1,-1,-1,-1,0,200000,12,10,0,3
99990663,2,110013,10,110011,300,-1,-1,-1,-1,0,250000,18,10,0,3
99990663,3,110013,15,110011,300,-1,-1,-1,-1,0,300000,24,10,0,3
99990663,4,110013,20,110011,400,-1,-1,-1,-1,0,400000,30,10,0,3
99990663,5,110013,30,110011,600,-1,-1,-1,-1,0,600000,36,10,0,3
99990663,6,110013,40,110011,800,-1,-1,-1,-1,0,800000,42,10,0,3
99990663,7,110013,60,110011,1200,-1,-1,-1,-1,0,1000000,48,10,0,3
99990663,8,110013,80,110011,1500,-1,-1,-1,-1,0,1300000,54,10,0,3
99990615,0,110006,1,110007,1,110008,1,110011,100,0,100000,4,10,0,3
99990615,1,110006,2,110007,2,110008,2,110011,200,0,150000,8,10,0,3
99990615,2,110006,3,110007,3,110008,3,110011,200,0,200000,12,10,0,3
99990615,3,110006,4,110007,4,110008,4,110011,300,0,250000,16,10,0,3
99990615,4,110006,5,110007,5,110008,5,110011,300,0,300000,20,10,0,3
99990615,5,110006,7,110007,7,110008,7,110011,400,0,400000,24,10,0,3
99990615,6,110006,10,110007,10,110008,10,110011,400,0,500000,28,10,0,3
99990615,7,110006,13,110007,13,110008,13,110011,800,0,800000,32,10,0,3
99990615,8,110006,17,110007,17,110008,17,110011,1000,0,1000000,36,10,0,3
99990617,0,110006,1,110007,1,110008,1,110011,100,0,100000,4,10,0,3
99990617,1,110006,2,110007,2,110008,2,110011,200,0,150000,8,10,0,3
99990617,2,110006,3,110007,3,110008,3,110011,200,0,200000,12,10,0,3
99990617,3,110006,4,110007,4,110008,4,110011,300,0,250000,16,10,0,3
99990617,4,110006,5,110007,5,110008,5,110011,300,0,300000,20,10,0,3
99990617,5,110006,7,110007,7,110008,7,110011,400,0,400000,24,10,0,3
99990617,6,110006,10,110007,10,110008,10,110011,400,0,500000,28,10,0,3
99990617,7,110006,13,110007,13,110008,13,110011,800,0,800000,32,10,0,3
99990617,8,110006,17,110007,17,110008,17,110011,1000,0,1000000,36,10,0,3
99980713,0,110006,10,110011,300,-1,-1,-1,-1,0,300000,8,10,0,3
99980713,1,110006,15,110011,400,-1,-1,-1,-1,0,400000,16,10,0,3
99980713,2,110006,20,110011,600,-1,-1,-1,-1,0,500000,24,10,0,3
99980713,3,110006,30,110011,800,-1,-1,-1,-1,0,700000,32,10,0,3
99980713,4,110006,50,110011,1000,-1,-1,-1,-1,0,1000000,40,10,0,3
99980713,5,110006,60,110011,1200,-1,-1,-1,-1,0,1200000,48,10,0,3
99980713,6,110006,80,110011,1500,-1,-1,-1,-1,0,1600000,56,10,0,3
99980713,7,110006,90,110011,2000,-1,-1,-1,-1,0,2000000,64,10,0,3
99980713,8,110006,100,110011,2000,-1,-1,-1,-1,0,2000000,72,10,0,3
99990713,0,110006,10,110011,300,-1,-1,-1,-1,0,300000,8,10,0,3
99990713,1,110006,15,110011,400,-1,-1,-1,-1,0,400000,16,10,0,3
99990713,2,110006,20,110011,600,-1,-1,-1,-1,0,500000,24,10,0,3
99990713,3,110006,30,110011,800,-1,-1,-1,-1,0,700000,32,10,0,3
99990713,4,110006,50,110011,1000,-1,-1,-1,-1,0,1000000,40,10,0,3
99990713,5,110006,60,110011,1200,-1,-1,-1,-1,0,1200000,48,10,0,3
99990713,6,110006,80,110011,1500,-1,-1,-1,-1,0,1600000,56,10,0,3
99990713,7,110006,90,110011,2000,-1,-1,-1,-1,0,2000000,64,10,0,3
99990713,8,110006,100,110011,2000,-1,-1,-1,-1,0,2000000,72,10,0,3
99980723,0,110007,10,110011,300,-1,-1,-1,-1,0,300000,8,10,0,3
99980723,1,110007,15,110011,400,-1,-1,-1,-1,0,400000,16,10,0,3
99980723,2,110007,20,110011,600,-1,-1,-1,-1,0,500000,24,10,0,3
99980723,3,110007,30,110011,800,-1,-1,-1,-1,0,700000,32,10,0,3
99980723,4,110007,50,110011,1000,-1,-1,-1,-1,0,1000000,40,10,0,3
99980723,5,110007,60,110011,1200,-1,-1,-1,-1,0,1200000,48,10,0,3
99980723,6,110007,80,110011,1500,-1,-1,-1,-1,0,1600000,56,10,0,3
99980723,7,110007,90,110011,2000,-1,-1,-1,-1,0,2000000,64,10,0,3
99980723,8,110007,100,110011,2000,-1,-1,-1,-1,0,2000000,72,10,0,3
99990723,0,110007,10,110011,300,-1,-1,-1,-1,0,300000,8,10,0,3
99990723,1,110007,15,110011,400,-1,-1,-1,-1,0,400000,16,10,0,3
99990723,2,110007,20,110011,600,-1,-1,-1,-1,0,500000,24,10,0,3
99990723,3,110007,30,110011,800,-1,-1,-1,-1,0,700000,32,10,0,3
99990723,4,110007,50,110011,1000,-1,-1,-1,-1,0,1000000,40,10,0,3
99990723,5,110007,60,110011,1200,-1,-1,-1,-1,0,1200000,48,10,0,3
99990723,6,110007,80,110011,1500,-1,-1,-1,-1,0,1600000,56,10,0,3
99990723,7,110007,90,110011,2000,-1,-1,-1,-1,0,2000000,64,10,0,3
99990723,8,110007,100,110011,2000,-1,-1,-1,-1,0,2000000,72,10,0,3
99980733,0,110008,10,110011,300,-1,-1,-1,-1,0,300000,8,10,0,3
99980733,1,110008,15,110011,400,-1,-1,-1,-1,0,400000,16,10,0,3
99980733,2,110008,20,110011,600,-1,-1,-1,-1,0,500000,24,10,0,3
99980733,3,110008,30,110011,800,-1,-1,-1,-1,0,700000,32,10,0,3
99980733,4,110008,50,110011,1000,-1,-1,-1,-1,0,1000000,40,10,0,3
99980733,5,110008,60,110011,1200,-1,-1,-1,-1,0,1200000,48,10,0,3
99980733,6,110008,80,110011,1500,-1,-1,-1,-1,0,1600000,56,10,0,3
99980733,7,110008,90,110011,2000,-1,-1,-1,-1,0,2000000,64,10,0,3
99980733,8,110008,100,110011,2000,-1,-1,-1,-1,0,2000000,72,10,0,3
99990733,0,110008,10,110011,300,-1,-1,-1,-1,0,300000,8,10,0,3
99990733,1,110008,15,110011,400,-1,-1,-1,-1,0,400000,16,10,0,3
99990733,2,110008,20,110011,600,-1,-1,-1,-1,0,500000,24,10,0,3
99990733,3,110008,30,110011,800,-1,-1,-1,-1,0,700000,32,10,0,3
99990733,4,110008,50,110011,1000,-1,-1,-1,-1,0,1000000,40,10,0,3
99990733,5,110008,60,110011,1200,-1,-1,-1,-1,0,1200000,48,10,0,3
99990733,6,110008,80,110011,1500,-1,-1,-1,-1,0,1600000,56,10,0,3
99990733,7,110008,90,110011,2000,-1,-1,-1,-1,0,2000000,64,10,0,3
99990733,8,110008,100,110011,2000,-1,-1,-1,-1,0,2000000,72,10,0,3
99980743,0,110009,10,110011,300,-1,-1,-1,-1,0,300000,8,10,0,3
99980743,1,110009,15,110011,400,-1,-1,-1,-1,0,400000,16,10,0,3
99980743,2,110009,20,110011,600,-1,-1,-1,-1,0,500000,24,10,0,3
99980743,3,110009,30,110011,800,-1,-1,-1,-1,0,700000,32,10,0,3
99980743,4,110009,50,110011,1000,-1,-1,-1,-1,0,1000000,40,10,0,3
99980743,5,110009,60,110011,1200,-1,-1,-1,-1,0,1200000,48,10,0,3
99980743,6,110009,80,110011,1500,-1,-1,-1,-1,0,1600000,56,10,0,3
99980743,7,110009,90,110011,2000,-1,-1,-1,-1,0,2000000,64,10,0,3
99980743,8,110009,100,110011,2000,-1,-1,-1,-1,0,2000000,72,10,0,3
99990743,0,110009,10,110011,300,-1,-1,-1,-1,0,300000,8,10,0,3
99990743,1,110009,15,110011,400,-1,-1,-1,-1,0,400000,16,10,0,3
99990743,2,110009,20,110011,600,-1,-1,-1,-1,0,500000,24,10,0,3
99990743,3,110009,30,110011,800,-1,-1,-1,-1,0,700000,32,10,0,3
99990743,4,110009,50,110011,1000,-1,-1,-1,-1,0,1000000,40,10,0,3
99990743,5,110009,60,110011,1200,-1,-1,-1,-1,0,1200000,48,10,0,3
99990743,6,110009,80,110011,1500,-1,-1,-1,-1,0,1600000,56,10,0,3
99990743,7,110009,90,110011,2000,-1,-1,-1,-1,0,2000000,64,10,0,3
99990743,8,110009,100,110011,2000,-1,-1,-1,-1,0,2000000,72,10,0,3
99980753,0,110010,10,110011,300,-1,-1,-1,-1,0,300000,8,10,0,3
99980753,1,110010,15,110011,400,-1,-1,-1,-1,0,400000,16,10,0,3
99980753,2,110010,20,110011,600,-1,-1,-1,-1,0,500000,24,10,0,3
99980753,3,110010,30,110011,800,-1,-1,-1,-1,0,700000,32,10,0,3
99980753,4,110010,50,110011,1000,-1,-1,-1,-1,0,1000000,40,10,0,3
99980753,5,110010,60,110011,1200,-1,-1,-1,-1,0,1200000,48,10,0,3
99980753,6,110010,80,110011,1500,-1,-1,-1,-1,0,1600000,56,10,0,3
99980753,7,110010,90,110011,2000,-1,-1,-1,-1,0,2000000,64,10,0,3
99980753,8,110010,100,110011,2000,-1,-1,-1,-1,0,2000000,72,10,0,3
99990753,0,110010,10,110011,300,-1,-1,-1,-1,0,300000,8,10,0,3
99990753,1,110010,15,110011,400,-1,-1,-1,-1,0,400000,16,10,0,3
99990753,2,110010,20,110011,600,-1,-1,-1,-1,0,500000,24,10,0,3
99990753,3,110010,30,110011,800,-1,-1,-1,-1,0,700000,32,10,0,3
99990753,4,110010,50,110011,1000,-1,-1,-1,-1,0,1000000,40,10,0,3
99990753,5,110010,60,110011,1200,-1,-1,-1,-1,0,1200000,48,10,0,3
99990753,6,110010,80,110011,1500,-1,-1,-1,-1,0,1600000,56,10,0,3
99990753,7,110010,90,110011,2000,-1,-1,-1,-1,0,2000000,64,10,0,3
99990753,8,110010,100,110011,2000,-1,-1,-1,-1,0,2000000,72,10,0,3
99980763,0,110013,10,110011,300,-1,-1,-1,-1,0,300000,8,10,0,3
99980763,1,110013,15,110011,400,-1,-1,-1,-1,0,400000,16,10,0,3
99980763,2,110013,20,110011,600,-1,-1,-1,-1,0,500000,24,10,0,3
99980763,3,110013,30,110011,800,-1,-1,-1,-1,0,700000,32,10,0,3
99980763,4,110013,50,110011,1000,-1,-1,-1,-1,0,1000000,40,10,0,3
99980763,5,110013,60,110011,1200,-1,-1,-1,-1,0,1200000,48,10,0,3
99980763,6,110013,80,110011,1500,-1,-1,-1,-1,0,1600000,56,10,0,3
99980763,7,110013,90,110011,2000,-1,-1,-1,-1,0,2000000,64,10,0,3
99980763,8,110013,100,110011,2000,-1,-1,-1,-1,0,2000000,72,10,0,3
99990763,0,110013,10,110011,300,-1,-1,-1,-1,0,300000,8,10,0,3
99990763,1,110013,15,110011,400,-1,-1,-1,-1,0,400000,16,10,0,3
99990763,2,110013,20,110011,600,-1,-1,-1,-1,0,500000,24,10,0,3
99990763,3,110013,30,110011,800,-1,-1,-1,-1,0,700000,32,10,0,3
99990763,4,110013,50,110011,1000,-1,-1,-1,-1,0,1000000,40,10,0,3
99990763,5,110013,60,110011,1200,-1,-1,-1,-1,0,1200000,48,10,0,3
99990763,6,110013,80,110011,1500,-1,-1,-1,-1,0,1600000,56,10,0,3
99990763,7,110013,90,110011,2000,-1,-1,-1,-1,0,2000000,64,10,0,3
99990763,8,110013,100,110011,2000,-1,-1,-1,-1,0,2000000,72,10,0,3
99990715,0,110006,5,110011,200,-1,-1,-1,-1,0,150000,5,10,0,3
99990715,1,110006,7,110011,300,-1,-1,-1,-1,0,200000,10,10,0,3
99990715,2,110006,10,110011,300,-1,-1,-1,-1,0,250000,15,10,0,3
99990715,3,110006,15,110011,400,-1,-1,-1,-1,0,350000,20,10,0,3
99990715,4,110006,20,110011,600,-1,-1,-1,-1,0,500000,25,10,0,3
99990715,5,110006,30,110011,800,-1,-1,-1,-1,0,700000,30,10,0,3
99990715,6,110006,40,110011,1000,-1,-1,-1,-1,0,900000,35,10,0,3
99990715,7,110006,50,110011,1200,-1,-1,-1,-1,0,1100000,40,10,0,3
99990715,8,110006,70,110011,1800,-1,-1,-1,-1,0,1600000,45,10,0,3
99990725,0,110007,5,110011,200,-1,-1,-1,-1,0,150000,5,10,0,3
99990725,1,110007,7,110011,300,-1,-1,-1,-1,0,200000,10,10,0,3
99990725,2,110007,10,110011,300,-1,-1,-1,-1,0,250000,15,10,0,3
99990725,3,110007,15,110011,400,-1,-1,-1,-1,0,350000,20,10,0,3
99990725,4,110007,20,110011,600,-1,-1,-1,-1,0,500000,25,10,0,3
99990725,5,110007,30,110011,800,-1,-1,-1,-1,0,700000,30,10,0,3
99990725,6,110007,40,110011,1000,-1,-1,-1,-1,0,900000,35,10,0,3
99990725,7,110007,50,110011,1200,-1,-1,-1,-1,0,1100000,40,10,0,3
99990725,8,110007,70,110011,1800,-1,-1,-1,-1,0,1600000,45,10,0,3
99990735,0,110008,5,110011,200,-1,-1,-1,-1,0,150000,5,10,0,3
99990735,1,110008,7,110011,300,-1,-1,-1,-1,0,200000,10,10,0,3
99990735,2,110008,10,110011,300,-1,-1,-1,-1,0,250000,15,10,0,3
99990735,3,110008,15,110011,400,-1,-1,-1,-1,0,350000,20,10,0,3
99990735,4,110008,20,110011,600,-1,-1,-1,-1,0,500000,25,10,0,3
99990735,5,110008,30,110011,800,-1,-1,-1,-1,0,700000,30,10,0,3
99990735,6,110008,40,110011,1000,-1,-1,-1,-1,0,900000,35,10,0,3
99990735,7,110008,50,110011,1200,-1,-1,-1,-1,0,1100000,40,10,0,3
99990735,8,110008,70,110011,1800,-1,-1,-1,-1,0,1600000,45,10,0,3
99990745,0,110009,5,110011,200,-1,-1,-1,-1,0,150000,5,10,0,3
99990745,1,110009,7,110011,300,-1,-1,-1,-1,0,200000,10,10,0,3
99990745,2,110009,10,110011,300,-1,-1,-1,-1,0,250000,15,10,0,3
99990745,3,110009,15,110011,400,-1,-1,-1,-1,0,350000,20,10,0,3
99990745,4,110009,20,110011,600,-1,-1,-1,-1,0,500000,25,10,0,3
99990745,5,110009,30,110011,800,-1,-1,-1,-1,0,700000,30,10,0,3
99990745,6,110009,40,110011,1000,-1,-1,-1,-1,0,900000,35,10,0,3
99990745,7,110009,50,110011,1200,-1,-1,-1,-1,0,1100000,40,10,0,3
99990745,8,110009,70,110011,1800,-1,-1,-1,-1,0,1600000,45,10,0,3
99990755,0,110010,5,110011,200,-1,-1,-1,-1,0,150000,5,10,0,3
99990755,1,110010,7,110011,300,-1,-1,-1,-1,0,200000,10,10,0,3
99990755,2,110010,10,110011,300,-1,-1,-1,-1,0,250000,15,10,0,3
99990755,3,110010,15,110011,400,-1,-1,-1,-1,0,350000,20,10,0,3
99990755,4,110010,20,110011,600,-1,-1,-1,-1,0,500000,25,10,0,3
99990755,5,110010,30,110011,800,-1,-1,-1,-1,0,700000,30,10,0,3
99990755,6,110010,40,110011,1000,-1,-1,-1,-1,0,900000,35,10,0,3
99990755,7,110010,50,110011,1200,-1,-1,-1,-1,0,1100000,40,10,0,3
99990755,8,110010,70,110011,1800,-1,-1,-1,-1,0,1600000,45,10,0,3
99990765,0,110013,5,110011,200,-1,-1,-1,-1,0,150000,5,10,0,3
99990765,1,110013,7,110011,300,-1,-1,-1,-1,0,200000,10,10,0,3
99990765,2,110013,10,110011,300,-1,-1,-1,-1,0,250000,15,10,0,3
99990765,3,110013,15,110011,400,-1,-1,-1,-1,0,350000,20,10,0,3
99990765,4,110013,20,110011,600,-1,-1,-1,-1,0,500000,25,10,0,3
99990765,5,110013,30,110011,800,-1,-1,-1,-1,0,700000,30,10,0,3
99990765,6,110013,40,110011,1000,-1,-1,-1,-1,0,900000,35,10,0,3
99990765,7,110013,50,110011,1200,-1,-1,-1,-1,0,1100000,40,10,0,3
99990765,8,110013,70,110011,1800,-1,-1,-1,-1,0,1600000,45,10,0,3
99990717,0,110006,5,110011,200,-1,-1,-1,-1,0,150000,5,10,0,3
99990717,1,110006,7,110011,300,-1,-1,-1,-1,0,200000,10,10,0,3
99990717,2,110006,10,110011,300,-1,-1,-1,-1,0,250000,15,10,0,3
99990717,3,110006,15,110011,400,-1,-1,-1,-1,0,350000,20,10,0,3
99990717,4,110006,20,110011,600,-1,-1,-1,-1,0,500000,25,10,0,3
99990717,5,110006,30,110011,800,-1,-1,-1,-1,0,700000,30,10,0,3
99990717,6,110006,40,110011,1000,-1,-1,-1,-1,0,900000,35,10,0,3
99990717,7,110006,50,110011,1200,-1,-1,-1,-1,0,1100000,40,10,0,3
99990717,8,110006,70,110011,1800,-1,-1,-1,-1,0,1600000,45,10,0,3
99990727,0,110007,5,110011,200,-1,-1,-1,-1,0,150000,5,10,0,3
99990727,1,110007,7,110011,300,-1,-1,-1,-1,0,200000,10,10,0,3
99990727,2,110007,10,110011,300,-1,-1,-1,-1,0,250000,15,10,0,3
99990727,3,110007,15,110011,400,-1,-1,-1,-1,0,350000,20,10,0,3
99990727,4,110007,20,110011,600,-1,-1,-1,-1,0,500000,25,10,0,3
99990727,5,110007,30,110011,800,-1,-1,-1,-1,0,700000,30,10,0,3
99990727,6,110007,40,110011,1000,-1,-1,-1,-1,0,900000,35,10,0,3
99990727,7,110007,50,110011,1200,-1,-1,-1,-1,0,1100000,40,10,0,3
99990727,8,110007,70,110011,1800,-1,-1,-1,-1,0,1600000,45,10,0,3
99990737,0,110008,5,110011,200,-1,-1,-1,-1,0,150000,5,10,0,3
99990737,1,110008,7,110011,300,-1,-1,-1,-1,0,200000,10,10,0,3
99990737,2,110008,10,110011,300,-1,-1,-1,-1,0,250000,15,10,0,3
99990737,3,110008,15,110011,400,-1,-1,-1,-1,0,350000,20,10,0,3
99990737,4,110008,20,110011,600,-1,-1,-1,-1,0,500000,25,10,0,3
99990737,5,110008,30,110011,800,-1,-1,-1,-1,0,700000,30,10,0,3
99990737,6,110008,40,110011,1000,-1,-1,-1,-1,0,900000,35,10,0,3
99990737,7,110008,50,110011,1200,-1,-1,-1,-1,0,1100000,40,10,0,3
99990737,8,110008,70,110011,1800,-1,-1,-1,-1,0,1600000,45,10,0,3
99990747,0,110009,5,110011,200,-1,-1,-1,-1,0,150000,5,10,0,3
99990747,1,110009,7,110011,300,-1,-1,-1,-1,0,200000,10,10,0,3
99990747,2,110009,10,110011,300,-1,-1,-1,-1,0,250000,15,10,0,3
99990747,3,110009,15,110011,400,-1,-1,-1,-1,0,350000,20,10,0,3
99990747,4,110009,20,110011,600,-1,-1,-1,-1,0,500000,25,10,0,3
99990747,5,110009,30,110011,800,-1,-1,-1,-1,0,700000,30,10,0,3
99990747,6,110009,40,110011,1000,-1,-1,-1,-1,0,900000,35,10,0,3
99990747,7,110009,50,110011,1200,-1,-1,-1,-1,0,1100000,40,10,0,3
99990747,8,110009,70,110011,1800,-1,-1,-1,-1,0,1600000,45,10,0,3
99990757,0,110010,5,110011,200,-1,-1,-1,-1,0,150000,5,10,0,3
99990757,1,110010,7,110011,300,-1,-1,-1,-1,0,200000,10,10,0,3
99990757,2,110010,10,110011,300,-1,-1,-1,-1,0,250000,15,10,0,3
99990757,3,110010,15,110011,400,-1,-1,-1,-1,0,350000,20,10,0,3
99990757,4,110010,20,110011,600,-1,-1,-1,-1,0,500000,25,10,0,3
99990757,5,110010,30,110011,800,-1,-1,-1,-1,0,700000,30,10,0,3
99990757,6,110010,40,110011,1000,-1,-1,-1,-1,0,900000,35,10,0,3
99990757,7,110010,50,110011,1200,-1,-1,-1,-1,0,1100000,40,10,0,3
99990757,8,110010,70,110011,1800,-1,-1,-1,-1,0,1600000,45,10,0,3
99990767,0,110013,5,110011,200,-1,-1,-1,-1,0,150000,5,10,0,3
99990767,1,110013,7,110011,300,-1,-1,-1,-1,0,200000,10,10,0,3
99990767,2,110013,10,110011,300,-1,-1,-1,-1,0,250000,15,10,0,3
99990767,3,110013,15,110011,400,-1,-1,-1,-1,0,350000,20,10,0,3
99990767,4,110013,20,110011,600,-1,-1,-1,-1,0,500000,25,10,0,3
99990767,5,110013,30,110011,800,-1,-1,-1,-1,0,700000,30,10,0,3
99990767,6,110013,40,110011,1000,-1,-1,-1,-1,0,900000,35,10,0,3
99990767,7,110013,50,110011,1200,-1,-1,-1,-1,0,1100000,40,10,0,3
99990767,8,110013,70,110011,1800,-1,-1,-1,-1,0,1600000,45,10,0,3
99980813,0,110006,7,110007,7,110008,7,110011,500,0,500000,11,10,0,3
99980813,1,110006,10,110007,10,110008,10,110011,800,0,700000,22,10,0,3
99980813,2,110006,15,110007,15,110008,15,110011,1000,0,900000,33,10,0,3
99980813,3,110006,20,110007,20,110008,20,110011,1200,0,1200000,44,10,0,3
99980813,4,110006,27,110007,27,110008,27,110011,1600,0,1600000,55,10,0,3
99980813,5,110006,30,110007,30,110008,30,110011,2000,0,2000000,66,10,0,3
99980813,6,110006,35,110007,35,110008,35,110011,2000,0,2000000,77,10,0,3
99980813,7,110006,40,110007,40,110008,40,110011,2500,0,2500000,88,10,0,3
99980813,8,110006,50,110007,50,110008,50,110011,3000,0,3000000,99,10,0,3
99990813,0,110006,7,110007,7,110008,7,110011,500,0,500000,11,10,0,3
99990813,1,110006,10,110007,10,110008,10,110011,800,0,700000,22,10,0,3
99990813,2,110006,15,110007,15,110008,15,110011,1000,0,900000,33,10,0,3
99990813,3,110006,20,110007,20,110008,20,110011,1200,0,1200000,44,10,0,3
99990813,4,110006,27,110007,27,110008,27,110011,1600,0,1600000,55,10,0,3
99990813,5,110006,30,110007,30,110008,30,110011,2000,0,2000000,66,10,0,3
99990813,6,110006,35,110007,35,110008,35,110011,2000,0,2000000,77,10,0,3
99990813,7,110006,40,110007,40,110008,40,110011,2500,0,2500000,88,10,0,3
99990813,8,110006,50,110007,50,110008,50,110011,3000,0,3000000,99,10,0,3
99999001,0,110006,10,110011,300,-1,-1,-1,-1,0,250000,7,10,0,3
99999001,1,110006,20,110011,500,-1,-1,-1,-1,0,450000,14,10,0,3
99999001,2,110006,30,110011,600,-1,-1,-1,-1,0,600000,21,10,0,3
99999001,3,110006,40,110011,800,-1,-1,-1,-1,0,800000,28,10,0,3
99999001,4,110006,50,110011,1000,-1,-1,-1,-1,0,1000000,35,10,0,3
99999001,5,110006,60,110011,1200,-1,-1,-1,-1,0,1200000,42,10,0,3
99999001,6,110006,70,110011,1500,-1,-1,-1,-1,0,1400000,49,10,0,3
99999001,7,110006,80,110011,1600,-1,-1,-1,-1,0,1600000,56,10,0,3
99999001,8,110006,100,110011,2000,-1,-1,-1,-1,0,2000000,63,10,0,3
99999002,0,110007,10,110011,300,-1,-1,-1,-1,0,250000,7,10,0,3
99999002,1,110007,20,110011,500,-1,-1,-1,-1,0,450000,14,10,0,3
99999002,2,110007,30,110011,600,-1,-1,-1,-1,0,600000,21,10,0,3
99999002,3,110007,40,110011,800,-1,-1,-1,-1,0,800000,28,10,0,3
99999002,4,110007,50,110011,1000,-1,-1,-1,-1,0,1000000,35,10,0,3
99999002,5,110007,60,110011,1200,-1,-1,-1,-1,0,1200000,42,10,0,3
99999002,6,110007,70,110011,1500,-1,-1,-1,-1,0,1400000,49,10,0,3
99999002,7,110007,80,110011,1600,-1,-1,-1,-1,0,1600000,56,10,0,3
99999002,8,110007,100,110011,2000,-1,-1,-1,-1,0,2000000,63,10,0,3
99999003,0,110008,10,110011,300,-1,-1,-1,-1,0,250000,7,10,0,3
99999003,1,110008,20,110011,500,-1,-1,-1,-1,0,450000,14,10,0,3
99999003,2,110008,30,110011,600,-1,-1,-1,-1,0,600000,21,10,0,3
99999003,3,110008,40,110011,800,-1,-1,-1,-1,0,800000,28,10,0,3
99999003,4,110008,50,110011,1000,-1,-1,-1,-1,0,1000000,35,10,0,3
99999003,5,110008,60,110011,1200,-1,-1,-1,-1,0,1200000,42,10,0,3
99999003,6,110008,70,110011,1500,-1,-1,-1,-1,0,1400000,49,10,0,3
99999003,7,110008,80,110011,1600,-1,-1,-1,-1,0,1600000,56,10,0,3
99999003,8,110008,100,110011,2000,-1,-1,-1,-1,0,2000000,63,10,0,3
99999004,0,110009,10,110011,300,-1,-1,-1,-1,0,250000,7,10,0,3
99999004,1,110009,20,110011,500,-1,-1,-1,-1,0,450000,14,10,0,3
99999004,2,110009,30,110011,600,-1,-1,-1,-1,0,600000,21,10,0,3
99999004,3,110009,40,110011,800,-1,-1,-1,-1,0,800000,28,10,0,3
99999004,4,110009,50,110011,1000,-1,-1,-1,-1,0,1000000,35,10,0,3
99999004,5,110009,60,110011,1200,-1,-1,-1,-1,0,1200000,42,10,0,3
99999004,6,110009,70,110011,1500,-1,-1,-1,-1,0,1400000,49,10,0,3
99999004,7,110009,80,110011,1600,-1,-1,-1,-1,0,1600000,56,10,0,3
99999004,8,110009,100,110011,2000,-1,-1,-1,-1,0,2000000,63,10,0,3
99999005,0,110006,10,110011,300,-1,-1,-1,-1,0,250000,7,10,0,3
99999005,1,110006,20,110011,500,-1,-1,-1,-1,0,450000,14,10,0,3
99999005,2,110006,30,110011,600,-1,-1,-1,-1,0,600000,21,10,0,3
99999005,3,110006,40,110011,800,-1,-1,-1,-1,0,800000,28,10,0,3
99999005,4,110006,50,110011,1000,-1,-1,-1,-1,0,1000000,35,10,0,3
99999005,5,110006,60,110011,1200,-1,-1,-1,-1,0,1200000,42,10,0,3
99999005,6,110006,70,110011,1500,-1,-1,-1,-1,0,1400000,49,10,0,3
99999005,7,110006,80,110011,1600,-1,-1,-1,-1,0,1600000,56,10,0,3
99999005,8,110006,100,110011,2000,-1,-1,-1,-1,0,2000000,63,10,0,3
99999006,0,110007,10,110011,300,-1,-1,-1,-1,0,250000,7,10,0,3
99999006,1,110007,20,110011,500,-1,-1,-1,-1,0,450000,14,10,0,3
99999006,2,110007,30,110011,600,-1,-1,-1,-1,0,600000,21,10,0,3
99999006,3,110007,40,110011,800,-1,-1,-1,-1,0,800000,28,10,0,3
99999006,4,110007,50,110011,1000,-1,-1,-1,-1,0,1000000,35,10,0,3
99999006,5,110007,60,110011,1200,-1,-1,-1,-1,0,1200000,42,10,0,3
99999006,6,110007,70,110011,1500,-1,-1,-1,-1,0,1400000,49,10,0,3
99999006,7,110007,80,110011,1600,-1,-1,-1,-1,0,1600000,56,10,0,3
99999006,8,110007,100,110011,2000,-1,-1,-1,-1,0,2000000,63,10,0,3
99999007,0,110008,10,110011,300,-1,-1,-1,-1,0,250000,7,10,0,3
99999007,1,110008,20,110011,500,-1,-1,-1,-1,0,450000,14,10,0,3
99999007,2,110008,30,110011,600,-1,-1,-1,-1,0,600000,21,10,0,3
99999007,3,110008,40,110011,800,-1,-1,-1,-1,0,800000,28,10,0,3
99999007,4,110008,50,110011,1000,-1,-1,-1,-1,0,1000000,35,10,0,3
99999007,5,110008,60,110011,1200,-1,-1,-1,-1,0,1200000,42,10,0,3
99999007,6,110008,70,110011,1500,-1,-1,-1,-1,0,1400000,49,10,0,3
99999007,7,110008,80,110011,1600,-1,-1,-1,-1,0,1600000,56,10,0,3
99999007,8,110008,100,110011,2000,-1,-1,-1,-1,0,2000000,63,10,0,3
99999008,0,110009,10,110011,300,-1,-1,-1,-1,0,250000,7,10,0,3
99999008,1,110009,20,110011,500,-1,-1,-1,-1,0,450000,14,10,0,3
99999008,2,110009,30,110011,600,-1,-1,-1,-1,0,600000,21,10,0,3
99999008,3,110009,40,110011,800,-1,-1,-1,-1,0,800000,28,10,0,3
99999008,4,110009,50,110011,1000,-1,-1,-1,-1,0,1000000,35,10,0,3
99999008,5,110009,60,110011,1200,-1,-1,-1,-1,0,1200000,42,10,0,3
99999008,6,110009,70,110011,1500,-1,-1,-1,-1,0,1400000,49,10,0,3
99999008,7,110009,80,110011,1600,-1,-1,-1,-1,0,1600000,56,10,0,3
99999008,8,110009,100,110011,2000,-1,-1,-1,-1,0,2000000,63,10,0,3
99999009,0,110006,10,110011,300,-1,-1,-1,-1,0,250000,7,10,0,3
99999009,1,110006,20,110011,500,-1,-1,-1,-1,0,450000,14,10,0,3
99999009,2,110006,30,110011,600,-1,-1,-1,-1,0,600000,21,10,0,3
99999009,3,110006,40,110011,800,-1,-1,-1,-1,0,800000,28,10,0,3
99999009,4,110006,50,110011,1000,-1,-1,-1,-1,0,1000000,35,10,0,3
99999009,5,110006,60,110011,1200,-1,-1,-1,-1,0,1200000,42,10,0,3
99999009,6,110006,70,110011,1500,-1,-1,-1,-1,0,1400000,49,10,0,3
99999009,7,110006,80,110011,1600,-1,-1,-1,-1,0,1600000,56,10,0,3
99999009,8,110006,100,110011,2000,-1,-1,-1,-1,0,2000000,63,10,0,3
99999010,0,110007,10,110011,300,-1,-1,-1,-1,0,250000,7,10,0,3
99999010,1,110007,20,110011,500,-1,-1,-1,-1,0,450000,14,10,0,3
99999010,2,110007,30,110011,600,-1,-1,-1,-1,0,600000,21,10,0,3
99999010,3,110007,40,110011,800,-1,-1,-1,-1,0,800000,28,10,0,3
99999010,4,110007,50,110011,1000,-1,-1,-1,-1,0,1000000,35,10,0,3
99999010,5,110007,60,110011,1200,-1,-1,-1,-1,0,1200000,42,10,0,3
99999010,6,110007,70,110011,1500,-1,-1,-1,-1,0,1400000,49,10,0,3
99999010,7,110007,80,110011,1600,-1,-1,-1,-1,0,1600000,56,10,0,3
99999010,8,110007,100,110011,2000,-1,-1,-1,-1,0,2000000,63,10,0,3
99999011,0,110008,10,110011,300,-1,-1,-1,-1,0,250000,7,10,0,3
99999011,1,110008,20,110011,500,-1,-1,-1,-1,0,450000,14,10,0,3
99999011,2,110008,30,110011,600,-1,-1,-1,-1,0,600000,21,10,0,3
99999011,3,110008,40,110011,800,-1,-1,-1,-1,0,800000,28,10,0,3
99999011,4,110008,50,110011,1000,-1,-1,-1,-1,0,1000000,35,10,0,3
99999011,5,110008,60,110011,1200,-1,-1,-1,-1,0,1200000,42,10,0,3
99999011,6,110008,70,110011,1500,-1,-1,-1,-1,0,1400000,49,10,0,3
99999011,7,110008,80,110011,1600,-1,-1,-1,-1,0,1600000,56,10,0,3
99999011,8,110008,100,110011,2000,-1,-1,-1,-1,0,2000000,63,10,0,3
99999012,0,110009,10,110011,300,-1,-1,-1,-1,0,250000,7,10,0,3
99999012,1,110009,20,110011,500,-1,-1,-1,-1,0,450000,14,10,0,3
99999012,2,110009,30,110011,600,-1,-1,-1,-1,0,600000,21,10,0,3
99999012,3,110009,40,110011,800,-1,-1,-1,-1,0,800000,28,10,0,3
99999012,4,110009,50,110011,1000,-1,-1,-1,-1,0,1000000,35,10,0,3
99999012,5,110009,60,110011,1200,-1,-1,-1,-1,0,1200000,42,10,0,3
99999012,6,110009,70,110011,1500,-1,-1,-1,-1,0,1400000,49,10,0,3
99999012,7,110009,80,110011,1600,-1,-1,-1,-1,0,1600000,56,10,0,3
99999012,8,110009,100,110011,2000,-1,-1,-1,-1,0,2000000,63,10,0,3
99999013,0,110006,15,110011,500,-1,-1,-1,-1,0,400000,9,10,0,3
99999013,1,110006,30,110011,600,-1,-1,-1,-1,0,600000,18,10,0,3
99999013,2,110006,45,110011,1000,-1,-1,-1,-1,0,1000000,27,10,0,3
99999013,3,110006,60,110011,1200,-1,-1,-1,-1,0,1200000,36,10,0,3
99999013,4,110006,80,110011,1500,-1,-1,-1,-1,0,1500000,45,10,0,3
99999013,5,110006,90,110011,2000,-1,-1,-1,-1,0,2000000,54,10,0,3
99999013,6,110006,100,110011,2000,-1,-1,-1,-1,0,2100000,63,10,0,3
99999013,7,110006,120,110011,2500,-1,-1,-1,-1,0,2500000,72,10,0,3
99999013,8,110006,150,110011,3000,-1,-1,-1,-1,0,3000000,81,10,0,3
99999014,0,110007,15,110011,500,-1,-1,-1,-1,0,400000,9,10,0,3
99999014,1,110007,30,110011,600,-1,-1,-1,-1,0,600000,18,10,0,3
99999014,2,110007,45,110011,1000,-1,-1,-1,-1,0,1000000,27,10,0,3
99999014,3,110007,60,110011,1200,-1,-1,-1,-1,0,1200000,36,10,0,3
99999014,4,110007,80,110011,1500,-1,-1,-1,-1,0,1500000,45,10,0,3
99999014,5,110007,90,110011,2000,-1,-1,-1,-1,0,2000000,54,10,0,3
99999014,6,110007,100,110011,2000,-1,-1,-1,-1,0,2100000,63,10,0,3
99999014,7,110007,120,110011,2500,-1,-1,-1,-1,0,2500000,72,10,0,3
99999014,8,110007,150,110011,3000,-1,-1,-1,-1,0,3000000,81,10,0,3
99999015,0,110008,15,110011,500,-1,-1,-1,-1,0,400000,9,10,0,3
99999015,1,110008,30,110011,600,-1,-1,-1,-1,0,600000,18,10,0,3
99999015,2,110008,45,110011,1000,-1,-1,-1,-1,0,1000000,27,10,0,3
99999015,3,110008,60,110011,1200,-1,-1,-1,-1,0,1200000,36,10,0,3
99999015,4,110008,80,110011,1500,-1,-1,-1,-1,0,1500000,45,10,0,3
99999015,5,110008,90,110011,2000,-1,-1,-1,-1,0,2000000,54,10,0,3
99999015,6,110008,100,110011,2000,-1,-1,-1,-1,0,2100000,63,10,0,3
99999015,7,110008,120,110011,2500,-1,-1,-1,-1,0,2500000,72,10,0,3
99999015,8,110008,150,110011,3000,-1,-1,-1,-1,0,3000000,81,10,0,3
99999016,0,110009,15,110011,500,-1,-1,-1,-1,0,400000,9,10,0,3
99999016,1,110009,30,110011,600,-1,-1,-1,-1,0,600000,18,10,0,3
99999016,2,110009,45,110011,1000,-1,-1,-1,-1,0,1000000,27,10,0,3
99999016,3,110009,60,110011,1200,-1,-1,-1,-1,0,1200000,36,10,0,3
99999016,4,110009,80,110011,1500,-1,-1,-1,-1,0,1500000,45,10,0,3
99999016,5,110009,90,110011,2000,-1,-1,-1,-1,0,2000000,54,10,0,3
99999016,6,110009,100,110011,2000,-1,-1,-1,-1,0,2100000,63,10,0,3
99999016,7,110009,120,110011,2500,-1,-1,-1,-1,0,2500000,72,10,0,3
99999016,8,110009,150,110011,3000,-1,-1,-1,-1,0,3000000,81,10,0,3
99999017,0,110006,15,110011,500,-1,-1,-1,-1,0,400000,9,10,0,3
99999017,1,110006,30,110011,600,-1,-1,-1,-1,0,600000,18,10,0,3
99999017,2,110006,45,110011,1000,-1,-1,-1,-1,0,1000000,27,10,0,3
99999017,3,110006,60,110011,1200,-1,-1,-1,-1,0,1200000,36,10,0,3
99999017,4,110006,80,110011,1500,-1,-1,-1,-1,0,1500000,45,10,0,3
99999017,5,110006,90,110011,2000,-1,-1,-1,-1,0,2000000,54,10,0,3
99999017,6,110006,100,110011,2000,-1,-1,-1,-1,0,2100000,63,10,0,3
99999017,7,110006,120,110011,2500,-1,-1,-1,-1,0,2500000,72,10,0,3
99999017,8,110006,150,110011,3000,-1,-1,-1,-1,0,3000000,81,10,0,3
99999018,0,110007,15,110011,500,-1,-1,-1,-1,0,400000,9,10,0,3
99999018,1,110007,30,110011,600,-1,-1,-1,-1,0,600000,18,10,0,3
99999018,2,110007,45,110011,1000,-1,-1,-1,-1,0,1000000,27,10,0,3
99999018,3,110007,60,110011,1200,-1,-1,-1,-1,0,1200000,36,10,0,3
99999018,4,110007,80,110011,1500,-1,-1,-1,-1,0,1500000,45,10,0,3
99999018,5,110007,90,110011,2000,-1,-1,-1,-1,0,2000000,54,10,0,3
99999018,6,110007,100,110011,2000,-1,-1,-1,-1,0,2100000,63,10,0,3
99999018,7,110007,120,110011,2500,-1,-1,-1,-1,0,2500000,72,10,0,3
99999018,8,110007,150,110011,3000,-1,-1,-1,-1,0,3000000,81,10,0,3
99999019,0,110008,15,110011,500,-1,-1,-1,-1,0,400000,9,10,0,3
99999019,1,110008,30,110011,600,-1,-1,-1,-1,0,600000,18,10,0,3
99999019,2,110008,45,110011,1000,-1,-1,-1,-1,0,1000000,27,10,0,3
99999019,3,110008,60,110011,1200,-1,-1,-1,-1,0,1200000,36,10,0,3
99999019,4,110008,80,110011,1500,-1,-1,-1,-1,0,1500000,45,10,0,3
99999019,5,110008,90,110011,2000,-1,-1,-1,-1,0,2000000,54,10,0,3
99999019,6,110008,100,110011,2000,-1,-1,-1,-1,0,2100000,63,10,0,3
99999019,7,110008,120,110011,2500,-1,-1,-1,-1,0,2500000,72,10,0,3
99999019,8,110008,150,110011,3000,-1,-1,-1,-1,0,3000000,81,10,0,3
99999020,0,110009,15,110011,500,-1,-1,-1,-1,0,400000,9,10,0,3
99999020,1,110009,30,110011,600,-1,-1,-1,-1,0,600000,18,10,0,3
99999020,2,110009,45,110011,1000,-1,-1,-1,-1,0,1000000,27,10,0,3
99999020,3,110009,60,110011,1200,-1,-1,-1,-1,0,1200000,36,10,0,3
99999020,4,110009,80,110011,1500,-1,-1,-1,-1,0,1500000,45,10,0,3
99999020,5,110009,90,110011,2000,-1,-1,-1,-1,0,2000000,54,10,0,3
99999020,6,110009,100,110011,2000,-1,-1,-1,-1,0,2100000,63,10,0,3
99999020,7,110009,120,110011,2500,-1,-1,-1,-1,0,2500000,72,10,0,3
99999020,8,110009,150,110011,3000,-1,-1,-1,-1,0,3000000,81,10,0,3
99999021,0,110006,15,110011,500,-1,-1,-1,-1,0,400000,9,10,0,3
99999021,1,110006,30,110011,600,-1,-1,-1,-1,0,600000,18,10,0,3
99999021,2,110006,45,110011,1000,-1,-1,-1,-1,0,1000000,27,10,0,3
99999021,3,110006,60,110011,1200,-1,-1,-1,-1,0,1200000,36,10,0,3
99999021,4,110006,80,110011,1500,-1,-1,-1,-1,0,1500000,45,10,0,3
99999021,5,110006,90,110011,2000,-1,-1,-1,-1,0,2000000,54,10,0,3
99999021,6,110006,100,110011,2000,-1,-1,-1,-1,0,2100000,63,10,0,3
99999021,7,110006,120,110011,2500,-1,-1,-1,-1,0,2500000,72,10,0,3
99999021,8,110006,150,110011,3000,-1,-1,-1,-1,0,3000000,81,10,0,3
99999022,0,110007,15,110011,500,-1,-1,-1,-1,0,400000,9,10,0,3
99999022,1,110007,30,110011,600,-1,-1,-1,-1,0,600000,18,10,0,3
99999022,2,110007,45,110011,1000,-1,-1,-1,-1,0,1000000,27,10,0,3
99999022,3,110007,60,110011,1200,-1,-1,-1,-1,0,1200000,36,10,0,3
99999022,4,110007,80,110011,1500,-1,-1,-1,-1,0,1500000,45,10,0,3
99999022,5,110007,90,110011,2000,-1,-1,-1,-1,0,2000000,54,10,0,3
99999022,6,110007,100,110011,2000,-1,-1,-1,-1,0,2100000,63,10,0,3
99999022,7,110007,120,110011,2500,-1,-1,-1,-1,0,2500000,72,10,0,3
99999022,8,110007,150,110011,3000,-1,-1,-1,-1,0,3000000,81,10,0,3
99999023,0,110008,15,110011,500,-1,-1,-1,-1,0,400000,9,10,0,3
99999023,1,110008,30,110011,600,-1,-1,-1,-1,0,600000,18,10,0,3
99999023,2,110008,45,110011,1000,-1,-1,-1,-1,0,1000000,27,10,0,3
99999023,3,110008,60,110011,1200,-1,-1,-1,-1,0,1200000,36,10,0,3
99999023,4,110008,80,110011,1500,-1,-1,-1,-1,0,1500000,45,10,0,3
99999023,5,110008,90,110011,2000,-1,-1,-1,-1,0,2000000,54,10,0,3
99999023,6,110008,100,110011,2000,-1,-1,-1,-1,0,2100000,63,10,0,3
99999023,7,110008,120,110011,2500,-1,-1,-1,-1,0,2500000,72,10,0,3
99999023,8,110008,150,110011,3000,-1,-1,-1,-1,0,3000000,81,10,0,3
99999024,0,110009,15,110011,500,-1,-1,-1,-1,0,400000,9,10,0,3
99999024,1,110009,30,110011,600,-1,-1,-1,-1,0,600000,18,10,0,3
99999024,2,110009,45,110011,1000,-1,-1,-1,-1,0,1000000,27,10,0,3
99999024,3,110009,60,110011,1200,-1,-1,-1,-1,0,1200000,36,10,0,3
99999024,4,110009,80,110011,1500,-1,-1,-1,-1,0,1500000,45,10,0,3
99999024,5,110009,90,110011,2000,-1,-1,-1,-1,0,2000000,54,10,0,3
99999024,6,110009,100,110011,2000,-1,-1,-1,-1,0,2100000,63,10,0,3
99999024,7,110009,120,110011,2500,-1,-1,-1,-1,0,2500000,72,10,0,3
99999024,8,110009,150,110011,3000,-1,-1,-1,-1,0,3000000,81,10,0,3
99999025,0,110010,10,110011,300,-1,-1,-1,-1,0,250000,7,10,0,3
99999025,1,110010,20,110011,500,-1,-1,-1,-1,0,450000,14,10,0,3
99999025,2,110010,30,110011,600,-1,-1,-1,-1,0,600000,21,10,0,3
99999025,3,110010,40,110011,800,-1,-1,-1,-1,0,800000,28,10,0,3
99999025,4,110010,50,110011,1000,-1,-1,-1,-1,0,1000000,35,10,0,3
99999025,5,110010,60,110011,1200,-1,-1,-1,-1,0,1200000,42,10,0,3
99999025,6,110010,70,110011,1500,-1,-1,-1,-1,0,1400000,49,10,0,3
99999025,7,110010,80,110011,1600,-1,-1,-1,-1,0,1600000,56,10,0,3
99999025,8,110010,100,110011,2000,-1,-1,-1,-1,0,2000000,63,10,0,3
99999026,0,110010,10,110011,300,-1,-1,-1,-1,0,250000,7,10,0,3
99999026,1,110010,20,110011,500,-1,-1,-1,-1,0,450000,14,10,0,3
99999026,2,110010,30,110011,600,-1,-1,-1,-1,0,600000,21,10,0,3
99999026,3,110010,40,110011,800,-1,-1,-1,-1,0,800000,28,10,0,3
99999026,4,110010,50,110011,1000,-1,-1,-1,-1,0,1000000,35,10,0,3
99999026,5,110010,60,110011,1200,-1,-1,-1,-1,0,1200000,42,10,0,3
99999026,6,110010,70,110011,1500,-1,-1,-1,-1,0,1400000,49,10,0,3
99999026,7,110010,80,110011,1600,-1,-1,-1,-1,0,1600000,56,10,0,3
99999026,8,110010,100,110011,2000,-1,-1,-1,-1,0,2000000,63,10,0,3
99999027,0,110010,10,110011,300,-1,-1,-1,-1,0,250000,7,10,0,3
99999027,1,110010,20,110011,500,-1,-1,-1,-1,0,450000,14,10,0,3
99999027,2,110010,30,110011,600,-1,-1,-1,-1,0,600000,21,10,0,3
99999027,3,110010,40,110011,800,-1,-1,-1,-1,0,800000,28,10,0,3
99999027,4,110010,50,110011,1000,-1,-1,-1,-1,0,1000000,35,10,0,3
99999027,5,110010,60,110011,1200,-1,-1,-1,-1,0,1200000,42,10,0,3
99999027,6,110010,70,110011,1500,-1,-1,-1,-1,0,1400000,49,10,0,3
99999027,7,110010,80,110011,1600,-1,-1,-1,-1,0,1600000,56,10,0,3
99999027,8,110010,100,110011,2000,-1,-1,-1,-1,0,2000000,63,10,0,3
99999028,0,110010,15,110011,500,-1,-1,-1,-1,0,400000,9,10,0,3
99999028,1,110010,30,110011,600,-1,-1,-1,-1,0,600000,18,10,0,3
99999028,2,110010,45,110011,1000,-1,-1,-1,-1,0,1000000,27,10,0,3
99999028,3,110010,60,110011,1200,-1,-1,-1,-1,0,1200000,36,10,0,3
99999028,4,110010,80,110011,1500,-1,-1,-1,-1,0,1500000,45,10,0,3
99999028,5,110010,90,110011,2000,-1,-1,-1,-1,0,2000000,54,10,0,3
99999028,6,110010,100,110011,2000,-1,-1,-1,-1,0,2100000,63,10,0,3
99999028,7,110010,120,110011,2500,-1,-1,-1,-1,0,2500000,72,10,0,3
99999028,8,110010,150,110011,3000,-1,-1,-1,-1,0,3000000,81,10,0,3
99999029,0,110010,15,110011,500,-1,-1,-1,-1,0,400000,9,10,0,3
99999029,1,110010,30,110011,600,-1,-1,-1,-1,0,600000,18,10,0,3
99999029,2,110010,45,110011,1000,-1,-1,-1,-1,0,1000000,27,10,0,3
99999029,3,110010,60,110011,1200,-1,-1,-1,-1,0,1200000,36,10,0,3
99999029,4,110010,80,110011,1500,-1,-1,-1,-1,0,1500000,45,10,0,3
99999029,5,110010,90,110011,2000,-1,-1,-1,-1,0,2000000,54,10,0,3
99999029,6,110010,100,110011,2000,-1,-1,-1,-1,0,2100000,63,10,0,3
99999029,7,110010,120,110011,2500,-1,-1,-1,-1,0,2500000,72,10,0,3
99999029,8,110010,150,110011,3000,-1,-1,-1,-1,0,3000000,81,10,0,3
99999030,0,110010,15,110011,500,-1,-1,-1,-1,0,400000,9,10,0,3
99999030,1,110010,30,110011,600,-1,-1,-1,-1,0,600000,18,10,0,3
99999030,2,110010,45,110011,1000,-1,-1,-1,-1,0,1000000,27,10,0,3
99999030,3,110010,60,110011,1200,-1,-1,-1,-1,0,1200000,36,10,0,3
99999030,4,110010,80,110011,1500,-1,-1,-1,-1,0,1500000,45,10,0,3
99999030,5,110010,90,110011,2000,-1,-1,-1,-1,0,2000000,54,10,0,3
99999030,6,110010,100,110011,2000,-1,-1,-1,-1,0,2100000,63,10,0,3
99999030,7,110010,120,110011,2500,-1,-1,-1,-1,0,2500000,72,10,0,3
99999030,8,110010,150,110011,3000,-1,-1,-1,-1,0,3000000,81,10,0,3
99999031,0,110013,10,110011,300,-1,-1,-1,-1,0,250000,7,10,0,3
99999031,1,110013,20,110011,500,-1,-1,-1,-1,0,450000,14,10,0,3
99999031,2,110013,30,110011,600,-1,-1,-1,-1,0,600000,21,10,0,3
99999031,3,110013,40,110011,800,-1,-1,-1,-1,0,800000,28,10,0,3
99999031,4,110013,50,110011,1000,-1,-1,-1,-1,0,1000000,35,10,0,3
99999031,5,110013,60,110011,1200,-1,-1,-1,-1,0,1200000,42,10,0,3
99999031,6,110013,70,110011,1500,-1,-1,-1,-1,0,1400000,49,10,0,3
99999031,7,110013,80,110011,1600,-1,-1,-1,-1,0,1600000,56,10,0,3
99999031,8,110013,100,110011,2000,-1,-1,-1,-1,0,2000000,63,10,0,3
99999032,0,110013,10,110011,300,-1,-1,-1,-1,0,250000,7,10,0,3
99999032,1,110013,20,110011,500,-1,-1,-1,-1,0,450000,14,10,0,3
99999032,2,110013,30,110011,600,-1,-1,-1,-1,0,600000,21,10,0,3
99999032,3,110013,40,110011,800,-1,-1,-1,-1,0,800000,28,10,0,3
99999032,4,110013,50,110011,1000,-1,-1,-1,-1,0,1000000,35,10,0,3
99999032,5,110013,60,110011,1200,-1,-1,-1,-1,0,1200000,42,10,0,3
99999032,6,110013,70,110011,1500,-1,-1,-1,-1,0,1400000,49,10,0,3
99999032,7,110013,80,110011,1600,-1,-1,-1,-1,0,1600000,56,10,0,3
99999032,8,110013,100,110011,2000,-1,-1,-1,-1,0,2000000,63,10,0,3
99999033,0,110013,10,110011,300,-1,-1,-1,-1,0,250000,7,10,0,3
99999033,1,110013,20,110011,500,-1,-1,-1,-1,0,450000,14,10,0,3
99999033,2,110013,30,110011,600,-1,-1,-1,-1,0,600000,21,10,0,3
99999033,3,110013,40,110011,800,-1,-1,-1,-1,0,800000,28,10,0,3
99999033,4,110013,50,110011,1000,-1,-1,-1,-1,0,1000000,35,10,0,3
99999033,5,110013,60,110011,1200,-1,-1,-1,-1,0,1200000,42,10,0,3
99999033,6,110013,70,110011,1500,-1,-1,-1,-1,0,1400000,49,10,0,3
99999033,7,110013,80,110011,1600,-1,-1,-1,-1,0,1600000,56,10,0,3
99999033,8,110013,100,110011,2000,-1,-1,-1,-1,0,2000000,63,10,0,3
99999034,0,110013,15,110011,500,-1,-1,-1,-1,0,400000,9,10,0,3
99999034,1,110013,30,110011,600,-1,-1,-1,-1,0,600000,18,10,0,3
99999034,2,110013,45,110011,1000,-1,-1,-1,-1,0,1000000,27,10,0,3
99999034,3,110013,60,110011,1200,-1,-1,-1,-1,0,1200000,36,10,0,3
99999034,4,110013,80,110011,1500,-1,-1,-1,-1,0,1500000,45,10,0,3
99999034,5,110013,90,110011,2000,-1,-1,-1,-1,0,2000000,54,10,0,3
99999034,6,110013,100,110011,2000,-1,-1,-1,-1,0,2100000,63,10,0,3
99999034,7,110013,120,110011,2500,-1,-1,-1,-1,0,2500000,72,10,0,3
99999034,8,110013,150,110011,3000,-1,-1,-1,-1,0,3000000,81,10,0,3
99999035,0,110013,15,110011,500,-1,-1,-1,-1,0,400000,9,10,0,3
99999035,1,110013,30,110011,600,-1,-1,-1,-1,0,600000,18,10,0,3
99999035,2,110013,45,110011,1000,-1,-1,-1,-1,0,1000000,27,10,0,3
99999035,3,110013,60,110011,1200,-1,-1,-1,-1,0,1200000,36,10,0,3
99999035,4,110013,80,110011,1500,-1,-1,-1,-1,0,1500000,45,10,0,3
99999035,5,110013,90,110011,2000,-1,-1,-1,-1,0,2000000,54,10,0,3
99999035,6,110013,100,110011,2000,-1,-1,-1,-1,0,2100000,63,10,0,3
99999035,7,110013,120,110011,2500,-1,-1,-1,-1,0,2500000,72,10,0,3
99999035,8,110013,150,110011,3000,-1,-1,-1,-1,0,3000000,81,10,0,3
99999036,0,110013,15,110011,500,-1,-1,-1,-1,0,400000,9,10,0,3
99999036,1,110013,30,110011,600,-1,-1,-1,-1,0,600000,18,10,0,3
99999036,2,110013,45,110011,1000,-1,-1,-1,-1,0,1000000,27,10,0,3
99999036,3,110013,60,110011,1200,-1,-1,-1,-1,0,1200000,36,10,0,3
99999036,4,110013,80,110011,1500,-1,-1,-1,-1,0,1500000,45,10,0,3
99999036,5,110013,90,110011,2000,-1,-1,-1,-1,0,2000000,54,10,0,3
99999036,6,110013,100,110011,2000,-1,-1,-1,-1,0,2100000,63,10,0,3
99999036,7,110013,120,110011,2500,-1,-1,-1,-1,0,2500000,72,10,0,3
99999036,8,110013,150,110011,3000,-1,-1,-1,-1,0,3000000,81,10,0,3
