编号,类别,索引,对应编号,名称,Data0,Data1,Scale
1,普通怪物,0,"""801,855""",稻草人,0,0,1
2,普通怪物,1,"""802,856""",钉耙猫,0,0,0.9
3,普通怪物,2,"""823,873,3132""",鹿,0,0,0.6
4,普通怪物,3,"""803,857,922""",半兽人,0,0,1.3
5,普通怪物,4,"""804,858,923""",半兽人战士,0,0,1.2
6,普通怪物,5,"""821,3133""",海蟹,0,0,0.8
7,普通怪物,6,3131,熊,0,0,1.1
8,普通怪物,7,"""3134,962,2717""",狼,0,0,1
9,普通怪物,8,3135,树妖,0,0,1.2
10,普通怪物,9,961,盔甲虫,0,0,1.2
11,普通怪物,10,963,多角虫,0,0,0.8
12,普通怪物,11,901,僵尸,0,0,1
13,普通怪物,12,902,僵尸,0,0,1
14,普通怪物,13,903,僵尸,0,0,1
15,普通怪物,14,"""904,908""",僵尸,0,0,0.9
16,普通怪物,15,"""905,""",僵尸,0,0,1
17,普通怪物,16,"""3110,948""",山洞蝙蝠,0,0,0.8
18,普通怪物,17,3118,雷术鬼尸,0,0,1
19,普通怪物,18,941,暗黑战士,0,0,0.6
20,普通怪物,19,"""949,1031""",恶蛆,0,0,0.8
21,普通怪物,20,942,沃玛战士,0,0,0.8
22,普通怪物,21,943,沃玛勇士,0,0,0.8
23,普通怪物,22,944,沃玛战将,0,0,0.8
24,普通怪物,23,951,火焰沃玛,0,0,1.1
25,普通怪物,24,953,毒针魔战士,0,0,0.6
26,普通怪物,25,1011,蜈蚣,0,0,0.6
27,普通怪物,26,1012,巨型蠕虫,0,0,0.6
28,普通怪物,27,1013,钳虫,0,0,1
29,普通怪物,28,1014,跳跳蜂,0,0,0.8
30,普通怪物,29,3227,摄魂跳跳蜂,0,0,0.8
31,普通怪物,30,1032,红野猪,0,0,1
32,普通怪物,31,1033,黑野猪,0,0,1
33,普通怪物,32,1034,白野猪,0,0,0.9
34,普通怪物,33,3248,白野猪暴徒,0,0,0.9
35,普通怪物,34,2119,饥饿僵尸,0,0,1
36,普通怪物,35,2120,怨恨僵尸,0,0,1
37,普通怪物,36,2121,脏污僵尸,0,0,1
38,普通怪物,37,2122,复仇僵尸,0,0,1
39,普通怪物,38,2123,血战士,0,0,0.8
40,普通怪物,39,2124,魔塔刀卫,0,0,0.8
41,普通怪物,40,2125,诅咒战士,0,0,0.8
42,普通怪物,41,2126,魔塔剑卫,0,0,0.8
43,普通怪物,42,2127,长尾毒蜈蚣,0,0,0.6
44,普通怪物,43,2128,广翅多角虫,0,0,0.8
45,普通怪物,44,2129,鳞甲毒蜈蚣,0,0,0.6
46,普通怪物,45,2130,星斑多角虫,0,0,0.8
47,普通怪物,46,2131,红猪妖,,,
48,普通怪物,47,2132,黑猪妖,,,
49,普通怪物,48,2133,凶恶红猪妖,0,0,1
50,普通怪物,49,2134,狼锤黑猪妖,0,0,1
51,普通怪物,50,2135,鼠妖,0,0,0.8
52,普通怪物,51,2136,翼虫,0,0,1
53,普通怪物,52,2137,大鼠妖,0,0,0.8
54,普通怪物,53,2138,鬼翼虫,0,0,1
55,普通怪物,54,2104,恶灵,0,0,0.6
56,普通怪物,55,2105,尖刺鱼人,0,0,1
57,普通怪物,56,2191,双刀鱼人,0,0,1
58,普通怪物,57,2107,海妖战士,0,0,1
59,普通怪物,58,2108,海妖弓手,0,0,1
60,普通怪物,59,2109,海妖法师,0,0,1
61,普通怪物,60,2110,僵尸海盗,0,0,1.3
62,普通怪物,61,2111,僵尸剑客,0,0,1.3
63,普通怪物,62,2112,僵尸掷矛手,0,0,1.3
64,普通怪物,63,2113,毒魔,0,0,0.8
65,普通怪物,64,2114,独眼魔,0,0,1
66,普通怪物,65,2116,鱼人死士,0,0,0.9
67,普通怪物,66,2164,幻魔,0,0,1
68,普通怪物,67,2165,熔岩魔,0,0,1
69,普通怪物,68,1071,祖玛老鼠,0,0,0.8
70,普通怪物,69,1072,祖玛卫士,0,0,0.8
71,普通怪物,70,1073,祖玛雕像,0,0,0.8
72,普通怪物,71,1074,祖玛弓手,0,0,0.8
73,普通怪物,72,1075,蝙蝠,0,0,1
74,普通怪物,73,"""1076,3249""",角蝇,0,0,0.6
75,普通怪物,74,"""1077,3250""",楔蛾,0,0,1
76,普通怪物,75,1078,邪箭弓手,0,0,1
77,普通怪物,76,1092,月魔蜘蛛,0,0,1
78,普通怪物,77,1093,天狼蜘蛛,0,0,0.6
79,普通怪物,78,1094,钢牙蜘蛛,0,0,0.7
80,普通怪物,79,1112,暴牙蜘蛛,0,0,0.7
81,普通怪物,80,1095,花吻蜘蛛,0,0,0.6
82,普通怪物,81,1096,黑锷蜘蛛,0,0,0.5
83,普通怪物,82,1098,血巨人,0,0,1
84,普通怪物,83,1113,血僵尸,0,0,1
85,普通怪物,84,1100,爆裂蜘蛛,0,0,1.8
86,普通怪物,85,1102,猎魔蜘蛛,0,0,0.2
87,普通怪物,86,2195,圣甲虫,0,0,1.1
88,普通怪物,87,2196,黄蜂巢穴,0,0,0.3
89,普通怪物,88,2197,黄蜂幼虫,0,0,0.7
90,普通怪物,89,2198,钻地虫,0,0,0.3
91,普通怪物,90,2200,黄蜂,0,0,1.2
92,普通怪物,91,1131,魔龙邪眼,0,0,0.8
93,普通怪物,92,1132,魔龙邪眼,0,0,0.8
94,普通怪物,93,1133,魔龙刺蛙,0,0,1.5
95,普通怪物,94,1134,魔龙刺蛙,0,0,1
96,普通怪物,95,1135,魔龙血蛙,0,0,1
97,普通怪物,96,1137,魔龙刀兵,0,0,1.2
98,普通怪物,97,1138,魔龙射手,0,0,1.2
99,普通怪物,98,1139,魔龙破甲兵,0,0,1.2
100,普通怪物,99,1142,魔龙鬼射,0,0,1.2
101,普通怪物,100,301,骷髅刀斧手,0,0,1
102,普通怪物,101,302,骷髅长枪兵,0,0,1
103,普通怪物,102,303,骷髅弓箭手,0,0,1
104,普通怪物,103,305,骷髅锤兵,0,0,1
105,普通怪物,104,306,碎颅弓箭手,0,0,1
106,普通怪物,105,308,恶灵僵尸,0,0,1.2
107,普通怪物,106,309,恶灵尸王,0,0,1.2
108,普通怪物,107,321,牛魔战士,0,0,0.8
109,普通怪物,108,322,牛头魔,0,0,1
110,普通怪物,109,323,牛魔侍卫,0,0,1
111,普通怪物,110,324,牛魔祭司,0,0,1
112,普通怪物,111,325,牛魔法师,0,0,1
113,普通怪物,112,326,牛魔将军,0,0,1
114,普通怪物,113,327,牛魔斗士,0,0,1
115,普通怪物,114,328,牛魔法师王,0,0,1
116,普通怪物,115,329,黑暗祭祀,0,0,1
117,普通怪物,116,344,寄居盾蟹,0,0,0.5
118,普通怪物,117,345,寄居镰蟹,0,0,1.2
119,普通怪物,118,354,双刀冥使,0,0,1
120,普通怪物,119,352,幽冥先锋,0,0,1.1
121,普通怪物,120,346,背誓刺客,0,0,1.1
122,普通怪物,121,347,暗影刺客,0,0,1.3
123,普通怪物,122,348,血眼杀手,0,0,1.3
124,普通怪物,123,2457,丛林雪人,0,0,1
125,普通怪物,124,2454,石原兽人前锋,0,0,1.5
126,普通怪物,125,2455,石原兽人斥候,0,0,1.3
127,普通怪物,126,"""2700,2709""",石原兽人,0,0,1.3
128,普通怪物,127,"""2701,2710""",石原兽人,0,0,1.5
129,普通怪物,128,2702,兽人厨师,0,0,1.1
130,普通怪物,129,2703,兽人矿工,0,0,1.3
131,普通怪物,130,2704,荒漠座狼,0,0,0.7
132,普通怪物,131,2705,兽人狂战,0,0,1.2
133,普通怪物,132,2707,兽人祭司,0,0,3.5
134,普通怪物,133,2711,失狼兽骑,0,0,1.2
135,普通怪物,134,2716,石原兽人狼骑,0,0,1
136,普通怪物,135,"""2723,2518""",矿洞蝙蝠,0,0,0.5
137,普通怪物,136,"""2724,2519""",晶化蝙蝠,0,0,1.5
138,普通怪物,137,2725,稀有晶化蝙蝠,0,0,1.7
139,普通怪物,138,2726,兽人矿工,0,0,1.3
140,普通怪物,139,2727,兽人督工,0,0,1.2
141,普通怪物,140,2728,兽人祭祀,0,0,3.5
142,普通怪物,141,2511,失心强兽人,0,0,1.2
143,普通怪物,142,2512,失心猎魂者,0,0,1.2
144,普通怪物,143,2513,兽人僵尸,0,0,1.7
145,普通怪物,144,2515,失魂祭祀,0,0,3.5
146,普通怪物,145,2516,兽人幽魂,0,0,0.3
147,普通怪物,146,2531,白霜战士,0,0,1.2
148,普通怪物,147,2532,暗雪战士,0,0,1.2
149,普通怪物,148,2533,白霜蛮战,0,0,1.2
150,普通怪物,149,2534,暗雪骁卫,0,0,1.2
151,普通怪物,150,2536,冰灵,0,0,1.4
152,普通怪物,151,2537,冰魔,0,0,0.8
153,普通怪物,152,2538,虚空魔,0,0,0.8
154,普通怪物,153,2540,雪人,0,0,1
155,普通怪物,154,2541,丛林雪人,0,0,1
156,普通怪物,155,2543,雪熊,0,0,0.7
157,普通怪物,156,2544,雪山座狼,0,0,1
158,普通怪物,157,2545,雪齿虎,0,0,1
159,普通怪物,158,2546,腐化雪熊,0,0,0.7
160,普通怪物,159,2547,腐化雪齿虎,0,0,0.8
161,普通怪物,160,2548,冰灵之主,0,0,1.4
162,普通怪物,161,2582,霜魔,0,0,0.8
163,普通怪物,162,2583,冰霜龙仆,0,0,1.4
164,普通怪物,163,2586,火灵,0,0,1.4
165,普通怪物,164,2587,熔岩魔,0,0,1.4
166,普通怪物,165,2588,火焰龙仆,0,0,1.4
167,普通怪物,166,2592,虚空龙仆,0,0,1.4
168,普通怪物,167,2732,元素之龙,0,0,1
169,普通怪物,168,2734,冰精,0,0,1.4
170,普通怪物,169,2735,火精,0,0,1.4
171,普通怪物,170,2736,黑焰龙仆,0,0,0.7
172,htNpc_Elite,0,841,兵俑 铁皮,0,0,1
173,htNpc_Elite,1,842,稻草人 符命,0,0,1
174,htNpc_Elite,2,845,稻草人 巧魔,0,0,1
175,htNpc_Elite,3,848,稻草人 魂十五,0,0,1
176,htNpc_Elite,4,839,钉耙猫 九命,0,0,0.9
177,htNpc_Elite,5,843,钉耙猫 稻田偷儿,0,0,0.9
178,htNpc_Elite,6,846,钉耙猫 太子丹,0,0,0.9
179,htNpc_Elite,7,849,钉耙猫 荒郊强盗,0,0,0.9
180,htNpc_Elite,8,838,半兽人 刀疤,0,0,1.3
181,htNpc_Elite,9,844,半兽人 保镖,0,0,1.3
182,htNpc_Elite,10,847,半兽人 红魔,0,0,1.3
183,htNpc_Elite,11,850,半兽人 掠骨手,0,0,1.3
184,htNpc_Elite,12,3060,半兽人首领,0,0,1.3
185,htNpc_Elite,13,3061,钉耙猫王 呼噜大王,0,0,0.9
186,htNpc_Elite,14,3062,咒怨毒僵尸,0,0,1
187,htNpc_Elite,15,3063,稻草人之王,0,0,1
188,htNpc_Elite,16,3094,堕落僵尸 二狗子,0,0,1
189,htNpc_Elite,17,3095,堕落僵尸 铁战,0,0,1
190,htNpc_Elite,18,3096,堕落僵尸 一支梅,0,0,1
191,htNpc_Elite,19,3097,僵尸护卫 杜杀,0,0,1
192,htNpc_Elite,20,3098,僵尸护卫 黑子,0,0,1
193,htNpc_Elite,21,3099,僵尸护卫 黑鹰,0,0,1
194,htNpc_Elite,22,3100,僵尸强盗 黑山,0,0,1
195,htNpc_Elite,23,3101,僵尸强盗 金豹,0,0,1
196,htNpc_Elite,24,3102,僵尸强盗 杜冷,0,0,1
197,htNpc_Elite,25,3103,和尚僵尸 玄空,0,0,0.9
198,htNpc_Elite,26,3104,和尚僵尸 玄绝,0,0,0.9
199,htNpc_Elite,27,3105,和尚僵尸 玄相,0,0,0.9
200,htNpc_Elite,28,3106,道士僵尸 人屠,0,0,1
201,htNpc_Elite,29,3107,道士僵尸 血手,0,0,1
202,htNpc_Elite,30,3108,道士僵尸 鬼阴,0,0,1
203,htNpc_Elite,31,3120,兽战士 大锤,0,0,1.3
204,htNpc_Elite,32,3121,兽战士 赤奴,0,0,1.3
205,htNpc_Elite,33,3122,兽战士 白牙,0,0,1.3
206,htNpc_Elite,34,3123,巨力士  虎勇,0,0,1.3
207,htNpc_Elite,35,3124,巨力士 火舞者,0,0,1.3
208,htNpc_Elite,36,3125,巨力士  冰刃,0,0,1.3
209,htNpc_Elite,37,3126,蛮战士 怒号,0,0,1.3
210,htNpc_Elite,38,3127,蛮战士 血角,0,0,1.3
211,htNpc_Elite,39,3128,蛮战士 铜须,0,0,1.3
212,htNpc_Elite,40,3150,堕落恶灵 守宫,0,"""1700003,1700004,1700016""",0.6
213,htNpc_Elite,41,3151,堕落恶灵 刃魔,0,"""1700003,1700004,1700016""",0.6
214,htNpc_Elite,42,3152,堕落恶灵 血主,0,"""1700003,1700004,1700016""",0.6
215,htNpc_Elite,43,3153,疯魔卫  无畏,0,"""1700003,1700004,1700016""",1
216,htNpc_Elite,44,3154,疯魔卫 铁蹄,0,"""1700003,1700004,1700016""",1
217,htNpc_Elite,45,3155,疯魔卫  钢角,0,"""1700003,1700004,1700016""",1
218,htNpc_Elite,46,3156,鬼域守卫 鬼面,0,"""1700003,1700004,1700016""",1
219,htNpc_Elite,47,3157,鬼域守卫 羊钉,0,"""1700003,1700004,1700016""",1
220,htNpc_Elite,48,3158,鬼域守卫 怒锤,0,"""1700003,1700004,1700016""",1
221,htNpc_Elite,49,3159,烈焰神卫 炽目,0,"""1700003,1700004,1700016""",1
222,htNpc_Elite,50,3160,烈焰神卫 炎足,0,"""1700003,1700004,1700016""",1
223,htNpc_Elite,51,3161,烈焰神卫 沸血,0,"""1700003,1700004,1700016""",1
224,htNpc_Elite,52,3162,裂地巨魔 折锐,0,"""1700003,1700004,1700016""",1
225,htNpc_Elite,53,3163,裂地巨魔 风吼,0,"""1700003,1700004,1700016""",1
226,htNpc_Elite,54,3164,裂地巨魔 断空,0,"""1700003,1700004,1700016""",1
227,htNpc_Elite,55,3180,盔甲虫  魔蝇,0,0,1.2
228,htNpc_Elite,56,3181,盔甲虫  龙须,0,0,1.2
229,htNpc_Elite,57,3182,盔甲虫  狂斗,0,0,1.2
230,htNpc_Elite,58,3183,废墟魔狼 丑面,0,0,1
231,htNpc_Elite,59,3184,废墟魔狼 尖耳,0,0,1
232,htNpc_Elite,60,3185,废墟魔狼 疾电,0,0,1
233,htNpc_Elite,61,3186,铁腹角虫 六足,0,0,1
234,htNpc_Elite,62,3187,铁腹角虫 尖角,0,0,1
235,htNpc_Elite,63,3188,铁腹角虫 斑纹,0,0,1
236,htNpc_Elite,64,3189,古迹巨食虫 蛇刺,0,0,0.7
237,htNpc_Elite,65,3190,古迹巨食虫 钩戈,0,0,0.7
238,htNpc_Elite,66,3191,古迹巨食虫 行者,0,0,0.7
239,htNpc_Elite,67,3210,钻地幽龙 魔君,0,"""1700003,1700004""",0.6
240,htNpc_Elite,68,3211,钻地幽龙 百足,0,"""1700003,1700004""",0.6
241,htNpc_Elite,69,3212,钻地幽龙 毒七,0,"""1700003,1700004""",0.6
242,htNpc_Elite,70,3213,巨蠕虫 死亡漩涡,0,"""1700003,1700004""",0.6
243,htNpc_Elite,71,3214,巨蠕虫 远古虫王,0,"""1700003,1700004""",0.6
244,htNpc_Elite,72,3215,巨蠕虫 尖脊鬼魅,0,"""1700003,1700004""",0.6
245,htNpc_Elite,73,1020,邪恶钳虫,0,"""99900019,99900018,99900021,99900054,99980413,99990413,99980423,99990423,99980433,99990433,99980443,99990443,99900034,99910007,99930032,99940023,99920026,99940011,99940015,99940020,99940037,99920031,99930037,99920030,99930036""",1
246,htNpc_Elite,74,3216,钳虫 战不死,0,"""1700003,1700004""",1
247,htNpc_Elite,75,3217,钳虫 锯骨狂,0,"""1700003,1700004""",1
248,htNpc_Elite,76,3218,钳虫 凶目魔,0,"""1700003,1700004""",1
249,htNpc_Elite,77,1019,暗夜舞者,0,"""1700003,1700004""",0.8
250,htNpc_Elite,78,3219,杀人蜂 铁翼,0,"""1700003,1700004""",0.8
251,htNpc_Elite,79,3220,杀人蜂 鬼影,0,"""1700003,1700004""",0.8
252,htNpc_Elite,80,3221,杀人蜂 妖刀,0,"""1700003,1700004""",0.8
253,htNpc_Elite,81,1045,尖牙卫 铁头,0,"""1700003,1700004,1700016""",1
254,htNpc_Elite,82,1046,尖牙卫 血煞,0,"""1700003,1700004,1700016""",1
255,htNpc_Elite,83,1047,尖牙卫 骨魔,0,"""1700003,1700004,1700016""",1
256,htNpc_Elite,84,1048,咆哮战士 钢鬃,0,"""1700003,1700004,1700016""",1
257,htNpc_Elite,85,1049,咆哮战士 黑风,0,"""1700003,1700004,1700016""",1
258,htNpc_Elite,86,1050,咆哮战士 腐牙,0,"""1700003,1700004,1700016""",1
259,htNpc_Elite,87,3240,邪血卫士 狂徒,0,"""1700003,1700004,1700016""",1
260,htNpc_Elite,88,3241,邪血卫士 锐爪,0,"""1700003,1700004,1700016""",1
261,htNpc_Elite,89,3242,邪血卫士 猛鬼,0,"""1700003,1700004,1700016,99990511""",1
262,htNpc_Elite,90,1051,虹魔猪卫 战刃,0,"""1700005,1700006,1700003,1700004,99920031,99930037,99920030,99930036""",1
263,htNpc_Elite,91,1052,虹魔猪卫 无天,0,"""1700005,1700006,1700003,1700004,99920031,99930037,99920030,99930036""",1
264,htNpc_Elite,92,1053,虹魔猪卫 印忠,0,"""1700005,1700006,1700003,1700004,99920031,99930037,99920030,99930036""",1
265,htNpc_Elite,93,1054,虹魔蝎卫 鬼藏,0,"""1700005,1700006,1700003,1700004,99920031,99930037,99920030,99930036""",1
266,htNpc_Elite,94,1055,虹魔蝎卫 毒锋,0,"""1700005,1700006,1700003,1700004,99920031,99930037,99920030,99930036""",1
267,htNpc_Elite,95,1056,虹魔蝎卫 绝刀,0,"""1700005,1700006,1700003,1700004,99920031,99930037,99920030,99930036""",1
268,htNpc_Elite,96,5501,妖僧 弘化,0,0,1
269,htNpc_Elite,97,5502,妖僧 清远,0,0,1
270,htNpc_Elite,98,5503,妖僧 弘深,0,0,1
271,htNpc_Elite,99,5504,妖僧 清慧,0,0,1
272,htNpc_Elite,100,5505,妖道 正阳子,0,0,1
273,htNpc_Elite,101,5506,妖道 幽冥子,0,0,1
274,htNpc_Elite,102,5507,妖道 卜阳子,0,0,1
275,htNpc_Elite,103,5508,妖道 青冥子,0,0,1
276,htNpc_Elite,104,5509,金刚尸卫 容丘,0,0,1
277,htNpc_Elite,105,5510,金刚尸卫 志力,0,0,1
278,htNpc_Elite,106,5511,金刚尸卫 玉龙,0,0,1
279,htNpc_Elite,107,5512,金刚尸卫 志成,0,0,1
280,htNpc_Elite,108,5513,禁卫统领 火罗,0,0,1
281,htNpc_Elite,109,5514,禁卫统领 铜卫,0,0,1
282,htNpc_Elite,110,5515,禁卫统领 巨胆,0,0,1
283,htNpc_Elite,111,5516,禁卫统领 铁卫,0,0,1
284,htNpc_Elite,112,5517,魔将 重八,0,0,1
285,htNpc_Elite,113,5518,魔将 古刀,0,0,1
286,htNpc_Elite,114,5519,魔将 赤焰,0,0,1
287,htNpc_Elite,115,5520,魔将 十刃,0,0,1
288,htNpc_Elite,116,5521,碎骨将军 魔翼,0,0,1
289,htNpc_Elite,117,5522,碎骨将军 化甲,0,0,1
290,htNpc_Elite,118,5523,碎骨将军 朱炎,0,0,1
291,htNpc_Elite,119,5524,碎骨将军 雷炎,0,0,1
292,htNpc_Elite,120,5525,剑角虫魔 野须,0,0,1
293,htNpc_Elite,121,5526,剑角虫魔 金龟,0,0,1
294,htNpc_Elite,122,5527,剑角虫魔 赤目,0,0,1
295,htNpc_Elite,123,5528,剑角虫魔 星斑,0,0,1
296,htNpc_Elite,124,5529,类人蜂 毒妇,0,0,1
297,htNpc_Elite,125,5530,类人蜂 鬼头,0,0,1
298,htNpc_Elite,126,5531,类人蜂 朱砂,0,0,1
299,htNpc_Elite,127,5532,类人蜂 长须,0,0,1
300,htNpc_Elite,128,5533,血食虫 绯姬,0,0,1
301,htNpc_Elite,129,5534,血食虫 狼牙,0,0,1
302,htNpc_Elite,130,5535,血食虫 虹刺,0,0,1
303,htNpc_Elite,131,5536,血食虫 暗刺,0,0,1
304,htNpc_Elite,132,5537,刽子手 一刀,0,0,1
305,htNpc_Elite,133,5538,刽子手 直纹,0,0,1
306,htNpc_Elite,134,5539,刽子手 血来,0,0,1
307,htNpc_Elite,135,5540,刽子手 恶屠,0,0,1
308,htNpc_Elite,136,5541,毒尾蝎 绝角,0,0,1
309,htNpc_Elite,137,5542,毒尾蝎 鬼背,0,0,1
310,htNpc_Elite,138,5543,毒尾蝎 三针,0,0,1
311,htNpc_Elite,139,5544,毒尾蝎 巨首,0,0,1
312,htNpc_Elite,140,5545,邪血弃徒 白毛,0,0,1
313,htNpc_Elite,141,5546,邪血弃徒 狂风,0,0,1
314,htNpc_Elite,142,5547,邪血弃徒 小耳,0,0,1
315,htNpc_Elite,143,5548,邪血弃徒 胖子,0,0,1
316,htNpc_Elite,144,5549,远古魔像 石鬼,0,0,1
317,htNpc_Elite,145,5550,远古魔像 石祭,0,0,1
318,htNpc_Elite,146,5551,远古魔像 石羯,0,0,1
319,htNpc_Elite,147,5552,远古魔像 石妖,0,0,1
320,htNpc_Elite,148,5553,石弓魔 阿奴比,0,0,1
321,htNpc_Elite,149,5554,石弓魔 暗影,0,0,1
322,htNpc_Elite,150,5555,石弓魔 狂猎,0,0,1
323,htNpc_Elite,151,5556,石弓魔 邪目,0,0,1
324,htNpc_Elite,152,5557,魔锤守卫 兽魔,0,0,1
325,htNpc_Elite,153,5558,魔锤守卫 羊魔,0,0,1
326,htNpc_Elite,154,5559,魔锤守卫 力魔,0,0,1
327,htNpc_Elite,155,5560,魔锤守卫 狂魔,0,0,1
328,htNpc_Elite,156,2175,僵尸头领 青面,0,"""1700003,1700004,99990317,99990315""",1.3
329,htNpc_Elite,157,2115,金甲鱼人,0,"""1700003,1700004,99990317,99990315""",1.2
330,htNpc_Elite,158,2117,冥海魔神,0,"""1700005,1700004,99990317,99990315""",0.6
331,htNpc_Elite,159,1086,祖玛鼠卫 妖风,0,"""1700005,1700006,1700007,99990511""",1
332,htNpc_Elite,160,1087,祖玛鼠卫 长牙,0,"""1700005,1700006,1700007,99990511""",1
333,htNpc_Elite,161,1088,祖玛鼠卫 灵爪,0,"""1700005,1700006,1700007,99990511""",1
334,htNpc_Elite,162,1089,石像守卫 劈颅,0,"""1700005,1700006,1700007,99990511""",1
335,htNpc_Elite,163,1090,石像守卫 灾狱,0,"""1700005,1700006,1700007,99990511""",1
336,htNpc_Elite,164,3300,石像守卫 夜冥,0,"""1700005,1700006,1700007,99990511""",1
337,htNpc_Elite,165,3301,祖玛弓卫 幽刹,0,"""1700005,1700006,1700007,99990511""",1
338,htNpc_Elite,166,3302,祖玛弓卫 影魔,0,"""1700005,1700006,1700007,99990511""",1
339,htNpc_Elite,167,3303,祖玛弓卫 鹰角,0,"""1700005,1700006,1700007,99990511""",1
340,htNpc_Elite,168,3304,祖玛卫士 凶面,0,"""1700005,1700006,1700007,99990511""",1
341,htNpc_Elite,169,3305,祖玛卫士 疯徒,0,"""1700005,1700006,1700007,99990511""",1
342,htNpc_Elite,170,3306,祖玛卫士 狂煞,0,"""1700005,1700006,1700007,99990511""",1
343,htNpc_Elite,171,1097,幻影蜘蛛,0,"""1700003,1700004""",1
344,htNpc_Elite,172,1106,鬼面蜘蛛 蛇牙,0,"""1700005,1700003,1700006,1700007,99990511""",0.2
345,htNpc_Elite,173,1107,鬼面蜘蛛 幽灵,0,"""1700005,1700003,1700006,1700007,99990511""",0.2
346,htNpc_Elite,174,1108,鬼面蜘蛛 黑寡妇,0,"""1700005,1700003,1700006,1700007,99990511""",0.2
347,htNpc_Elite,175,1103,花吻蜘蛛 幻花,0,"""1700005,1700003,1700006,1700007,99990511""",0.6
348,htNpc_Elite,176,1104,花吻蜘蛛 疯刺,0,"""1700005,1700003,1700006,1700007,99990511""",0.6
349,htNpc_Elite,177,1105,花吻蜘蛛 残夜,0,"""1700005,1700003,1700006,1700007,99990511""",0.6
350,htNpc_Elite,178,1109,双头血魔 金刚煞,0,"""1700005,1700006,17000011,99990511,99920031,99930037,99920030,99930036""",1
351,htNpc_Elite,179,1110,双头血魔 斗罗煞,0,"""1700005,1700006,17000011,99990511,99920031,99930037,99920030,99930036""",1
352,htNpc_Elite,180,1111,双头血魔 天魁煞,0,"""1700005,1700006,17000011,99990511,99920031,99930037,99920030,99930036""",1
353,htNpc_Elite,181,1120,双头金刚 凄斩魔,0,"""1700005,1700006,17000011,99990511,99920031,99930037,99920030,99930036""",1
354,htNpc_Elite,182,1121,双头金刚 狱杀魔,0,"""1700005,1700006,17000011,99990511,99920031,99930037,99920030,99930036""",1
355,htNpc_Elite,183,1122,双头金刚 裂脏魔,0,"""1700005,1700006,17000011,99990511,99920031,99930037,99920030,99930036""",1
356,htNpc_Elite,184,2199,蛇蝎 魔闪,0,"""1700003,1700004""",1.5
357,htNpc_Elite,185,2201,蛇蝎 毒钩,0,"""1700003,1700004""",1.5
358,htNpc_Elite,186,2202,蛇蝎 赤牙,0,"""1700003,1700004""",1.5
359,htNpc_Elite,187,1136,魔龙巨蛾 诱幻,0,"""1700008,1700005,1700006,1700007,99990511,99990317,99990417,99990517,99990315,99990415,99990515""",1.8
360,htNpc_Elite,188,1143,魔龙巨蛾 七星,0,"""1700008,1700005,1700006,1700007,99990511,99990317,99990417,99990517,99990315,99990415,99990515""",1.8
361,htNpc_Elite,189,1144,魔龙巨蛾 水影,0,"""1700008,1700005,1700006,1700007,99990511,99990317,99990417,99990517,99990315,99990415,99990515""",1.8
362,htNpc_Elite,190,1140,魔龙力士 千斤斩,0,"""1700008,1700005,1700006,1700007,99990511,99990317,99990417,99990517,99990315,99990415,99990515""",1.2
363,htNpc_Elite,191,1145,魔龙力士 坠天斩,0,"""1700008,1700005,1700006,1700007,99990511,99990317,99990417,99990517,99990315,99990415,99990515""",1.2
364,htNpc_Elite,192,1146,魔龙力士 虚空斩,0,"""1700008,1700005,1700006,1700007,99990511,99990317,99990417,99990517,99990315,99990415,99990515""",1.2
365,htNpc_Elite,193,1141,魔龙战将 阴杀,0,"""1700008,1700005,1700006,1700007,99990511,99990317,99990417,99990517,99990315,99990415,99990515""",1.2
366,htNpc_Elite,194,1147,魔龙战将 血愁,0,"""1700008,1700005,1700006,1700007,99990511,99990317,99990417,99990517,99990315,99990415,99990515""",1.2
367,htNpc_Elite,195,1148,魔龙战将 灵台,0,"""1700008,1700005,1700006,1700007,99990511,99990317,99990417,99990517,99990315,99990415,99990515""",1.2
368,htNpc_Elite,196,304,骨夺,0,"""1700005,1700003,1700006,1700007,1700004,99990511""",1
369,htNpc_Elite,197,2500,骨斩,0,"""1700005,1700003,1700006,1700007,1700004,99990511""",1
370,htNpc_Elite,198,2501,骨蚀,0,"""1700005,1700003,1700006,1700007,1700004,99990511""",1
371,htNpc_Elite,199,307,堕灵,0,"""1700005,1700003,1700006,1700007,1700004,99990511""",1.5
372,htNpc_Elite,200,338,疯魔,0,"""1700005,1700003,1700006,1700007,1700004,99990511""",1.5
373,htNpc_Elite,201,339,畸魔,0,"""1700005,1700003,1700006,1700007,1700004,99990511""",1.5
374,htNpc_Elite,202,330,血角,0,"""1700008,1700005,1700006,1700007,99990511,99990317,99990417,99990517,99990315,99990415,99990515""",1.2
375,htNpc_Elite,203,331,苍角,0,"""1700008,1700005,1700006,1700007,99990511,99990317,99990417,99990517,99990315,99990415,99990515""",1.2
376,htNpc_Elite,204,332,魔角,0,"""1700008,1700005,1700006,1700007,99990511,99990317,99990417,99990517,99990315,99990415,99990515""",1.2
377,htNpc_Elite,205,333,黑角,0,"""1700008,1700005,1700006,1700007,99990511,99990317,99990417,99990517,99990315,99990415,99990515""",1.2
378,htNpc_Elite,206,334,坠角,0,"""1700008,1700005,1700006,1700007,99990511,99990317,99990417,99990517,99990315,99990415,99990515""",1.2
379,htNpc_Elite,207,340,腐蹄,0,"""1700008,1700005,1700006,1700007,99990511,99990317,99990417,99990517,99990315,99990415,99990515""",1.2
380,htNpc_Elite,208,335,八目,0,"""1700008,1700005,1700006,1700007,99990511,99990317,99990417,99990517,99990315,99990415,99990515""",1.2
381,htNpc_Elite,209,336,千斤,0,"""1700008,1700005,1700006,1700007,99990511,99990317,99990417,99990517,99990315,99990415,99990515""",1.2
382,htNpc_Elite,210,337,暴蹄,0,"""1700008,1700005,1700006,1700007,99990511,99990317,99990417,99990517,99990315,99990415,99990515""",1.2
383,htNpc_Elite,211,2456,石原兽人大将,0,0,1.2
384,htNpc_Elite,212,2706,精锐狼骑兵,0,"""1700005,1700006,1700007,99990511""",1
385,htNpc_Elite,213,2713,蛮荒信使,0,"""1700005,1700006,1700007,99990511""",1.1
386,htNpc_Elite,214,2714,沙虫,0,0,1.4
387,htNpc_Elite,215,2721,晶石魔像,0,0,1.3
388,htNpc_Elite,216,2722,晶石巨像,0,0,1.3
389,htNpc_Elite,217,2729,晶化石像,0,"""1700005,1700006,1700007,99990511""",1.5
390,htNpc_Elite,218,2514,巨型兽人僵尸,0,"""1700005,1700006,1700007,99990511""",2
391,htNpc_Elite,219,2517,狂暴兽魂,0,"""1700008,17000011,1700005,1700006,1700007,99990511""",0.5
392,htNpc_Elite,220,2535,部族精锐,0,"""1700005,1700006,1700007,99990511""",1.5
393,htNpc_Elite,221,2539,冰霜领主,0,"""1700005,1700006,1700007,99990511""",0.8
394,htNpc_Elite,222,2581,霜灵之主,0,"""1700005,1700006,1700007,99990511""",0.8
395,htNpc_Elite,223,2585,焱灵之主,0,"""1700005,1700006,1700007,99990511""",0.8
396,htNpc_Elite,224,2590,虚灵之主,0,"""1700005,1700006,1700007,99990511""",0.8
397,htNpc_Elite,225,2576,部族精锐,0,"""1700005,1700006,1700007,99990511""",1.5
398,htNpc_Elite,226,2731,熔岩之龙,0,"""1700005,1700006,1700007,99990511""",1
399,htNpc_Elite,227,2303,未知祭祀,0,"""1700005,1700006,1700007,99990511""",1.6
400,htNpc_Elite,228,2306,未知将领,0,"""1700005,1700006,1700007,99990511""",1.8
401,htNpc_Elite,229,2307,沙尘魔,0,"""1700005,1700006,1700007,99990511""",2
402,htNpc_Elite,230,2393,魔殿力士,0,0,1.4
403,htNpc_Elite,231,2394,魔殿战将,0,0,1.4
404,htNpc_Elite,232,2395,魔殿巨兽,0,0,1.4
405,htNpc_Elite,233,2391,魔殿金刚,0,0,1
406,htNpc_Elite,234,2392,魔殿血魔,0,0,1
407,htNpc_Elite,235,2399,魔殿牛魔将军,0,0,1
408,htNpc_Elite,236,2497,魔殿虚灵之主,0,0,1.4
409,htNpc_Elite,237,1414,血翼蜘蛛,0,0,1.3
410,htNpc_Elite,238,1415,苦痛蜘蛛,0,0,1
411,htNpc_Elite,239,1416,剧毒蜘蛛,0,0,0.3
412,htNpc_Elite,240,1417,鬼面蜘蛛 猎魔,0,0,0.4
413,htNpc_Elite,249,1439,噬金虫巢,0,0,0.8
414,htNPc_Boss,0,5282,狼王,"""5890,5891,5900,5892,5893,5896,5894,5895,3554""","""99900034,99910007,99930032,99940023,99920026""",1.2
415,htNPc_Boss,1,5268,尸王,"""5890,5891,5900,5892,5893,5896,5894,5895,3554""","""1700003,1700016""",0.8
416,htNPc_Boss,2,5278,沃玛教主,"""3709,3710,3711,3712,3713,3714""","""1700005,1700003,1700006,1700004,99990511""",1.3
417,htNPc_Boss,3,5287,触龙神,"""5910,5911,5912,5913,5914,5915""","""1700005,1700003,1700006,1700004,99990511,99920031,99930037,99920030,99930036""",1.2
418,htNPc_Boss,4,5297,虹魔教主,"""5789,5790,5791,5792,5794""","""1700005,1700003,1700006,1700004,99990511,99900034,99910007,99930032,99940023,99920026,99920031,99930037,99920030,99930036""",2.6
419,htNPc_Boss,5,5301,祖玛教主,"""5789,5790,5791,5792,5794""","""1700008,1700005,1700006,1700007,99990511,99920031,99930037,99920030,99930036""",2.5
420,htNPc_Boss,6,5500,烈焰恶魔,0,"""1700008,1700009,1700006,1700007,99990511,99920030,99930036""",1.5
421,htNPc_Boss,7,5306,赤月恶魔,0,"""1700008,1700005,1700006,1700011,1700007,99990511,99920030,99940028,99920031,99930037,99930025,99930027,99930028,99920022""",1.9
422,htNPc_Boss,8,5283,魔龙教主,0,"""1700008,1700005,1700013,1700006,1700014,1700007,99990511,99990317,99990417,99990517,99990315,99990415,99990515""",1
423,htNPc_Boss,9,5201,黄泉教主,0,"""1700012,1700008,1700013,1700006,1700014,1700011,1700007,99990511,99920030,99940028,99930025,99930027,99930028,99920022""",1.2
424,htNPc_Boss,10,5202,牛魔王,0,"""1700017,1700008,1700005,1700003,1700018,1700013,1700006,1700019,1700014,,1700011,1700007,99990511,99990317,99990417,99990517,99990315,99990415,99990515""",1
425,htNPc_Boss,11,350,血手,0,"""1700005,1700010,1700006,1700011,1700007,99990611,99990621,99990631,99990641,99990651,99990661,99990511""",1.4
426,htNPc_Boss,12,2708,兽人大祭司,0,"""1700008,1700005,1700010,1700006,1700011,1700007,99990511,99920030,99940028,99920031,99930037""",4.5
427,htNPc_Boss,13,5751,石原恶魔,0,"""1700008,1700009,1700005,1700006,1700014,1700007,99990511,99990317,99990417,99990517,99990315,99990415,99990515""",4
428,htNPc_Boss,14,5761,巨兽魔王,0,"""1700017,1700012,1700008,1700005,1700018,1700013,1700010,1700006,1700019,1700014,1700007,99990511,99990717,99990715,99990727,99990725,99990737,99990735,99990747,99990745,99990757,99990755,99990767,99990765,99990517,99990515,99990417,99990415,99990317,99990315""",1
429,htNPc_Boss,15,2520,远古巨灵,0,"""1700017,1700012,1700008,1700005,1700018,1700013,1700010,1700019,1700014,113201,113202,113203,113213,113204,113216,113209,113210,113211,113212,113215,113218,99990511,99990717,99990715,99990727,99990725,99990737,99990735,99990747,99990745,99990757,99990755,99990767,99990765,99990517,99990515,99990417,99990415,99990317,99990315""",0.7
430,htNPc_Boss,16,2542,龙裔霸主,0,"""1700017,1700012,1700008,1700005,1700018,1700013,1700010,1700019,1700014,113201,113202,113203,113213,113204,113216,113209,113210,113211,113212,113215,113218,99990511,99990717,99990715,99990727,99990725,99990737,99990735,99990747,99990745,99990757,99990755,99990767,99990765,99990517,99990515,99990417,99990415,99990317,99990315""",1
431,htNPc_Boss,17,2753,元素之心,0,"""1700017,1700012,1700008,1700005,1700018,1700013,1700010,1700019,1700014,113201,113202,113203,113213,113204,113216,113209,113210,113211,113212,113215,113218,99990511,99990717,99990715,99990727,99990725,99990737,99990735,99990747,99990745,99990757,99990755,99990767,99990765,99990517,99990515,99990417,99990415,99990317,99990315,130001""",1
432,htNPc_Boss,18,2730,魔火龙,0,"""1700017,1700012,1700008,1700013,1700010,1700019,1700014,113201,113202,113203,113213,113204,113216,113209,113210,113211,113212,113215,113218,99990717,99990715,99990727,99990725,99990737,99990735,99990747,99990745,99990757,99990755,99990767,99990765,99990517,99990515,111114,111125""",0.8
433,htNpc_Function,0,6682,朴无界,0,0,1
434,htNpc_Function,1,6672,王铁匠,0,0,1
435,htNpc_Function,2,6662,白玉兰,0,0,1
436,htNpc_Function,3,6680,玉娘,0,0,1
437,htNpc_Function,4,6663,药老,0,0,1
438,htNpc_Function,5,6664,醉爷,0,0,1
439,htNpc_Function,6,6665,阿吉,0,0,1.2
440,htNpc_Function,7,6666,龙爷,0,0,1
441,htNpc_Function,8,6667,百火,0,0,1
442,htNpc_Function,9,6713,丘伯,0,0,1
443,htNpc_Function,10,6714,紫容,0,0,1
444,htNpc_Function,11,6717,香毒,0,0,1
445,htNpc_Function,12,6718,百师,0,0,1
446,htNpc_Function,13,6720,影笑,0,0,1
447,htNpc_Function,14,6721,容剑,0,0,1
448,htNpc_Function,15,6726,龙迁,0,0,1
449,htNpc_Function,16,6728,麦家铺子,0,0,1
450,htNpc_Function,17,6798,老兵,0,0,1
451,htNpc_Function,18,6693,奇云公,0,0,1
452,htNpc_Function,19,6740,沙万军,0,0,1
453,htNpc_Function,20,8463,夏二丫,0,0,1
454,htNpc_Function,21,8464,朴不二,0,0,1
455,htNpc_Function,22,6719,红芸,0,0,1
456,htNpc_Function,23,6733,武馆教头,0,0,1
457,htNpc_Function,24,4791,彩蝶,0,0,1
458,htNpc_Function,25,6751,凤婆,0,0,1
459,htNpc_Function,26,6752,包欣,0,0,1
460,htNpc_Function,27,6753,宫婉,0,0,1
461,htNpc_Function,28,6754,灵湖,0,0,1
462,htNpc_Function,29,6771,陈叔,0,0,1
463,htNpc_Function,30,6772,盟容,0,0,1
464,htNpc_Function,31,6773,沙雅,0,0,1
465,htNpc_Function,32,6775,月灵香,0,0,1
466,htNpc_Function,33,6778,翎儿,0,0,1
467,htNpc_Function,34,6779,刀妹,0,0,1
468,htNpc_Function,35,6783,老沙,0,0,1
469,htNpc_Function,36,6784,沙千秋,0,0,1
470,htNpc_Function,37,6785,小贩,0,0,1
471,htNpc_Function,38,6786,夏悦来,0,0,1
472,htNpc_Function,39,6792,史万千,0,0,1
473,htNpc_Function,40,8513,眉三娘,0,0,1
474,htNpc_Function,41,8514,沙巧巧,0,0,1
475,htNpc_Function,42,8515,柳扶风,0,0,1
476,htNpc_Function,43,6126,金家铁匠,0,0,1
477,htNpc_Function,44,6101,讲古老人,0,0,1
478,htNpc_Function,45,6103,阿富,0,0,1
479,htNpc_Function,46,6106,阿贵,0,0,1
480,htNpc_Function,47,6109,货栈总管,0,0,1
481,htNpc_Function,48,6112,雷七道,0,0,1
482,htNpc_Function,49,6114,魔月,0,0,1
483,htNpc_Function,50,6128,江湖侠客,0,0,1
484,htNpc_Function,51,6108,黑市盐商,0,0,1.1
485,htNpc_Function,52,4795,神秘剑客,0,0,1.1
486,htNpc_Function,53,6124,阿飞,0,0,1
487,htNpc_Function,54,6125,白老七,0,0,1
488,htNpc_Function,55,6898,莫公,0,0,1
489,htNpc_Function,56,6905,祖巫,0,0,1
490,htNpc_Function,57,6904,司巫,0,0,1
491,htNpc_Function,58,6907,夏家婶婶,0,0,1
492,htNpc_Function,59,6881,阿海,0,0,1
493,htNpc_Function,60,6882,阿林,0,0,0.7
494,htNpc_Function,61,6216,萍儿,0,0,1.1
495,htNpc_Function,62,6219,三彩,0,0,1
496,htNpc_Function,63,6221,洪力,0,0,1
497,htNpc_Function,64,6222,玉阴子,0,0,1
498,htNpc_Function,65,6223,炎伯,0,0,1
499,htNpc_Function,66,6225,优姬,0,0,1
500,htNpc_Function,67,6357,涵浩,0,0,1
501,htNpc_Function,68,6356,春淳,0,0,1
502,htNpc_Function,69,6355,乐儿,0,0,1
503,htNpc_Function,70,6354,菇琴,0,0,1
504,htNpc_Function,71,6353,灵雪儿,0,0,1
505,htNpc_Function,72,6352,清源,0,0,1
506,htNpc_Function,73,6351,m茗,0,0,1
507,htNpc_Story,0,"""6661,6797,6834""",玲月,0,0,1
508,htNpc_Story,1,6685,朴十八,0,0,1
509,htNpc_Story,2,6686,铁牛,0,0,1
510,htNpc_Story,3,6683,南苍公,0,0,1
511,htNpc_Story,4,"""6684,4772""",阿九,0,0,1
512,htNpc_Story,5,6678,信使随从,0,0,1
513,htNpc_Story,6,6687,比奇信使,0,0,1
514,htNpc_Story,7,6679,王大锤,0,0,1
515,htNpc_Story,8,6691,城门守将,0,0,1
516,htNpc_Story,9,6692,龙相君,0,0,1
517,htNpc_Story,10,6694,防务官,0,0,1
518,htNpc_Story,11,6695,卫常,0,0,1
519,htNpc_Story,12,6741,飞虎,0,0,1
520,htNpc_Story,13,6742,小飞,0,0,1
521,htNpc_Story,14,6745,逃兵,0,0,1
522,htNpc_Story,15,6760,蒙武,0,0,1
523,htNpc_Story,16,8486,鹰卫侍从,0,0,1
524,htNpc_Story,17,6761,小潘,0,0,1
525,htNpc_Story,18,6762,奇云生,0,0,1
526,htNpc_Story,19,"""6801,6803,6812,6817,6818,6819,6793""",虾老大,0,0,1
527,htNpc_Story,20,6795,小虾米,0,0,1
528,htNpc_Story,21,6796,蒙君毅,0,0,1.7
529,htNpc_Story,22,6799,流浪汉,0,0,1
530,htNpc_Story,23,6802,受伤的法师,0,0,1
531,htNpc_Story,24,6820,女战士,0,0,1
532,htNpc_Story,25,"""6831,6832,6837""",玲雅,0,0,1.3
533,htNpc_Story,26,6835,小四,0,0,1
534,htNpc_Story,27,6836,祖玛教长老,0,0,1
535,htNpc_Story,28,6841,清流,0,0,1.2
536,htNpc_Story,29,6842,方药师,0,0,1.2
537,htNpc_Story,30,6843,潘有财,0,0,1
538,htNpc_Story,31,6844,小铃铛,0,0,1
539,htNpc_Story,32,6845,无涯,0,0,1.2
540,htNpc_Story,33,6847,龙战,0,0,1.2
541,htNpc_Story,34,6851,龙火,0,0,1
542,htNpc_Story,35,6852,元飞,0,0,1.2
543,htNpc_Story,36,6853,阿宝,0,0,1
544,htNpc_Story,37,6854,小虎,0,0,1
545,htNpc_Story,38,6855,炎老,0,0,1
546,htNpc_Story,39,6856,阿罗,0,0,1
547,htNpc_Story,40,6857,雷老大,0,0,1
548,htNpc_Story,41,6230,龙魄,0,0,1
549,htNpc_Story,42,6858,龙渊,0,0,1
550,htNpc_Story,43,6859,素云,0,0,1.3
551,htNpc_Story,44,6860,黑牛,0,0,1
552,htNpc_Story,45,6226,神秘人,0,0,1
553,htNpc_Story,46,6332,比奇老兵,0,0,1
554,htNpc_Story,47,6331,苍澜,0,0,1
555,htNpc_Story,48,6330,提香,0,0,1
556,htNpc_Story,49,6329,项天,0,0,1
557,htNpc_Story,50,6328,镖师,0,0,1
558,htNpc_Story,51,6327,洛梨,0,0,1
559,htNpc_Story,52,6326,红莉,0,0,1
560,htNpc_Story,53,6325,朗月,0,0,1
561,htMap_Wild,0,142,边界村,"""1,10,120001""",0,1
562,htMap_Wild,1,143,比奇省,"""1,10""",0,1
563,htMap_Wild,2,144,比奇矿区,"""1,10,114020,120003,120004""",5268,1
564,htMap_Wild,3,145,沃玛森林,"""1,10,120002""",0,1
565,htMap_Wild,4,146,沃玛寺庙,"""1,10""",5278,1
566,htMap_Wild,5,147,盟重省,"""1,10""",5282,1
567,htMap_Wild,6,148,死亡峡谷,"""1,10""",5287,1
568,htMap_Wild,7,149,石墓,"""1,10""",5297,1
569,htMap_Wild,8,204,香石墓穴,"""1,10""",0,1
570,htMap_Wild,9,178,秘密通道,"""1,10""",0,1
571,htMap_Wild,10,152,沙巴克,"""1,10""",0,1
572,htMap_Wild,11,183,经验武斗场,10,0,1
573,htMap_Wild,12,184,皇室宝库,"""1,1029001""",0,1
574,htMap_Wild,13,127,公会属地,20,0,1
575,htMap_Wild,14,227,九层妖塔,10,0,1
576,htMap_Wild,15,223,幽冥海,"""1,10""",5500,1
577,htMap_Wild,16,175,祖玛寺庙,"""1,10""",5301,1
578,htMap_Wild,17,25,演武场,"""10,16""",0,1
579,htMap_Wild,18,187,赤月峡谷,"""1,10""",5306,1
580,htMap_Wild,19,72,魔虫窟,"""1,10""",0,1
581,htMap_Wild,20,239,魔龙岭,"""1,10""",0,1
582,htMap_Wild,21,50,苍月岛,"""1,10""",0,1
583,htMap_Wild,22,51,骨魔洞,,,
584,htMap_Wild,23,60,牛魔寺庙,,,
585,htMap_Wild,24,56,尸魔洞,"""1,10""",0,1
586,htMap_Wild,25,93,白日门海岸,"""1,10""",350,1
587,htMap_Wild,26,102,白日门城,"""1,10""",0,1
588,htMap_Wild,27,123,石原荒漠,"""1,10""",2708,1
589,htMap_Wild,28,124,石原废墟,"""1,10""",5751,1
590,htMap_Wild,29,131,石原矿洞,"""1,10""",5761,1
591,htMap_Wild,30,111,兽人陵墓,"""1,10""",2520,1
592,htMap_Wild,31,113,龙耀崖,"""1,10""",0,1
593,htMap_Wild,32,114,黑岩峰底,"""1,10""",0,1
594,htMap_Wild,33,115,龙栖峰,"""1,10""",2542,1
595,htMap_Wild,34,116,冰川地脉,"""1,10""",0,1
596,htMap_Wild,35,117,霜火地脉,"""1,10""",0,1
597,htMap_Wild,36,118,龙血地脉,"""1,10""",2753,1
598,htMap_Wild,37,125,黑岩山麓,"""1,10""",2730,1
599,htItem_Stone,0,"""10110,10111""",驭朱灵石,0,0,1
600,htItem_Stone,1,"""10120,10121""",命朱灵石,0,0,1
601,htItem_Stone,2,"""10220,10221""",守阳灵石,0,0,1
602,htItem_Stone,3,"""10320,10321""",蔚蓝灵石,0,0,1
603,htItem_Stone,4,"""10420,10421""",精绿灵石,0,0,1
604,htItem_Stone,5,"""10520,10521""",纯紫灵石,0,0,1
605,htItem_Stone,6,"""10620,10621""",深灰灵石,0,0,1
606,htItem_Stone,7,"""10720,10721""",橙黄灵石,0,0,1
607,htItem_Stone,8,"""10820,10821""",赤褐灵石,0,0,1
608,htItem_Story,0,90166,五龙卫之书,0,0,1
609,htItem_Story,1,90167,瘟疫的蔓延,0,0,1
610,htItem_Story,2,90168,迟来的真相,0,0,1
611,htItem_Story,3,90169,矿工日记,0,0,1
612,htItem_Story,4,90170,和尚日记,0,0,1
613,htItem_Story,5,90171,道士日记,0,0,1
614,htItem_Story,6,90172,副官日记(上),0,0,1
615,htItem_Story,7,90173,副官日记(下),0,0,1
616,htItem_Story,8,90176,玲月传,0,0,1
617,htItem_Story,9,90177,阿九传,0,0,1
618,htItem_Story,10,90178,南苍公传,0,0,1
619,htItem_Story,11,90179,铁牛的护身符(上),0,0,1
620,htItem_Story,12,90180,铁牛的护身符(中),0,0,1
621,htItem_Story,13,90181,铁牛的护身符(下),0,0,1
622,htItem_Story,14,90182,朴小克手记,0,0,1
623,htItem_Story,15,90198,圣战遗书,0,0,1
624,htItem_Story,16,90199,法神遗书,0,0,1
625,htItem_Story,17,90200,天尊遗书,0,0,1
626,htItem_Story,18,90239,影刺遗书,0,0,1
627,htItem_Story,19,90246,箭灵遗书,0,0,1
628,htItem_Story,20,90250,龙枪遗书,0,0,1
629,htEquip_Weapon,0,99900001,木剑,0,0,1
630,htEquip_Weapon,1,99900002,匕首,0,0,1
631,htEquip_Weapon,2,99900003,乌木剑,0,0,1
632,htEquip_Weapon,3,99900051,铁柴刀,0,0,1
633,htEquip_Weapon,4,99900004,青铜剑,0,0,1
634,htEquip_Weapon,5,99900005,短剑,0,0,1
635,htEquip_Weapon,6,99900006,铁剑,0,0,1
636,htEquip_Weapon,7,99900007,鹤嘴锄,0,0,1
637,htEquip_Weapon,8,99900041,玄铁锄,0,0,1
638,htEquip_Weapon,9,99900040,开石刀,0,0,1
639,htEquip_Weapon,10,99900008,青铜斧,0,0,1
640,htEquip_Weapon,11,99900052,双刀,0,0,1
641,htEquip_Weapon,12,99900009,海魂,0,0,1
642,htEquip_Weapon,13,99900010,八荒,0,0,1
643,htEquip_Weapon,14,99900011,半月,0,0,1
644,htEquip_Weapon,15,99900012,凌风,0,0,1
645,htEquip_Weapon,16,99900013,偃月,0,0,1
646,htEquip_Weapon,17,99900014,破魂,0,0,1
647,htEquip_Weapon,18,99900015,降魔,0,0,1
648,htEquip_Weapon,19,99900016,斩马刀,0,0,1
649,htEquip_Weapon,20,99900053,冰月戟,0,0,1
650,htEquip_Weapon,21,99900017,修罗,0,0,1
651,htEquip_Weapon,22,99900018,魔杖,0,0,1
652,htEquip_Weapon,23,99900019,炼狱,0,0,1
653,htEquip_Weapon,24,99900054,追魂,0,0,1
654,htEquip_Weapon,25,99900020,凝霜,0,0,1
655,htEquip_Weapon,26,99900021,银蛇,0,0,1
656,htEquip_Weapon,27,99900022,井中月,0,0,1
657,htEquip_Weapon,28,99900055,赤影,0,0,1
658,htEquip_Weapon,29,99900023,血饮,0,0,1
659,htEquip_Weapon,30,99900024,无极棍,0,0,1
660,htEquip_Weapon,31,99900025,裁决之杖,0,0,1
661,htEquip_Weapon,32,99900056,龙爪手,0,0,1
662,htEquip_Weapon,33,99900027,龙纹剑,0,0,1
663,htEquip_Weapon,34,99900028,骨玉权杖,0,0,1
664,htEquip_Weapon,35,99900032,怒斩,0,0,1
665,htEquip_Weapon,36,99900057,霜影,0,0,1
666,htEquip_Weapon,37,99900031,逍遥扇,0,0,1
667,htEquip_Weapon,38,99900033,龙牙,0,0,1
668,htEquip_Weapon,39,99900026,屠龙,0,0,1
669,htEquip_Weapon,40,99900058,黯灭轮,0,0,1
670,htEquip_Weapon,41,99900044,倚天剑,0,0,1
671,htEquip_Weapon,42,99900029,嗜魂法杖,0,0,1
672,htEquip_Weapon,43,99900030,命运之刃,0,0,1
673,htEquip_Weapon,44,99900061,命运之刺,0,0,1
674,htEquip_Weapon,45,99900034,祈祷之刃,0,0,1
675,htEquip_Weapon,46,99900035,罗刹,0,0,1
676,htEquip_Weapon,47,99900036,赤血魔剑,0,0,1
677,htEquip_Weapon,48,99900062,城主黯灭轮,0,0,1
678,htEquip_Weapon,49,99900045,城主屠龙,0,0,1
679,htEquip_Weapon,50,99900063,城主嗜魂法杖,0,0,1
680,htEquip_Weapon,51,99900064,城主倚天剑,0,0,1
681,htEquip_Weapon,52,99900037,开天,0,0,1
682,htEquip_Weapon,53,99900059,破天,0,0,1
683,htEquip_Weapon,54,99900038,玄天,0,0,1
684,htEquip_Weapon,55,99900039,镇天,0,0,1
685,htEquip_Weapon,56,99900071,木弓,0,0,1
686,htEquip_Weapon,57,99900072,神臂弓,0,0,1
687,htEquip_Weapon,58,99900073,铁胎弓,0,0,1
688,htEquip_Weapon,59,99900074,命运之弓,0,0,1
689,htEquip_Weapon,60,99900075,双环战弓,0,0,1
690,htEquip_Weapon,61,99900076,沉锋,0,0,1
691,htEquip_Weapon,62,99900077,猎首,0,0,1
692,htEquip_Weapon,63,99900078,血染,0,0,1
693,htEquip_Weapon,64,99900079,擎龙,0,0,1
694,htEquip_Weapon,65,99900080,城主擎龙,0,0,1
695,htEquip_Weapon,66,99900081,焚天,0,0,1
696,htEquip_Weapon,67,99900100,木枪,0,0,1
697,htEquip_Weapon,68,99900101,青铜枪,0,0,1
698,htEquip_Weapon,69,99900102,百炼枪,0,0,1
699,htEquip_Weapon,70,99900103,蛇牙枪,0,0,1
700,htEquip_Weapon,71,99900104,命运之矛,0,0,1
701,htEquip_Weapon,72,99900105,青虹,0,0,1
702,htEquip_Weapon,73,99900106,虎咆,0,0,1
703,htEquip_Weapon,74,99900107,横江,0,0,1
704,htEquip_Weapon,75,99900108,龙炎,0,0,1
705,htEquip_Weapon,76,99900109,城主龙炎,0,0,1
706,htEquip_Weapon,77,99900110,惊天,0,0,1
707,htEquip_Weapon,78,99900046,命运之杖,0,0,1
708,htEquip_Weapon,79,99900047,命运之幡,0,0,1
709,htEquip_Weapon,80,99900091,命运之刃・淬火,0,0,1
710,htEquip_Weapon,81,99900092,命运之杖・淬火,0,0,1
711,htEquip_Weapon,82,99900093,命运之幡・淬火,0,0,1
712,htEquip_Weapon,83,99900094,命运之刺・淬火,0,0,1
713,htEquip_Weapon,84,99900095,命运之弓・淬火,0,0,1
714,htEquip_Weapon,85,99900096,命运之矛・淬火,0,0,1
715,htEquip_Jewelry,0,99920001,金项链,0,0,1
716,htEquip_Jewelry,1,99920002,传统项链,0,0,1
717,htEquip_Jewelry,2,99920003,黄色水晶项链,0,0,1
718,htEquip_Jewelry,3,99920004,黑檀项链,0,0,1
719,htEquip_Jewelry,4,99920005,黑色水晶项链,0,0,1
720,htEquip_Jewelry,5,99920006,白金项链,0,0,1
721,htEquip_Jewelry,6,99920007,白色虎齿项链,0,0,1
722,htEquip_Jewelry,7,99920008,躲避项链,0,0,1
723,htEquip_Jewelry,8,99920009,灯笼项链,0,0,1
724,htEquip_Jewelry,9,99920010,琥珀项链,0,0,1
725,htEquip_Jewelry,10,99920011,魔鬼项链,0,0,1
726,htEquip_Jewelry,11,99920012,凤凰明珠,0,0,1
727,htEquip_Jewelry,12,99920013,蓝翡翠项链,0,0,1
728,htEquip_Jewelry,13,99920014,竹笛,0,0,1
729,htEquip_Jewelry,14,99920015,放大镜,0,0,1
730,htEquip_Jewelry,15,99920016,幽灵项链,0,0,1
731,htEquip_Jewelry,16,99920017,绿色项链,0,0,1
732,htEquip_Jewelry,17,99920018,灵魂项链,0,0,1
733,htEquip_Jewelry,18,99920019,恶魔铃铛,0,0,1
734,htEquip_Jewelry,19,99920020,生命项链,0,0,1
735,htEquip_Jewelry,20,99920021,天珠项链,0,0,1
736,htEquip_Jewelry,21,99920022,技巧项链,0,0,1
737,htEquip_Jewelry,22,99920023,探测项链,0,0,1
738,htEquip_Jewelry,23,99920024,狂风项链,0,0,1
739,htEquip_Jewelry,24,99920025,记忆项链,0,0,1
740,htEquip_Jewelry,25,99920026,祈祷项链,0,0,1
741,htEquip_Jewelry,26,99920027,圣战项链,0,0,1
742,htEquip_Jewelry,27,99920028,法神项链,0,0,1
743,htEquip_Jewelry,28,99920029,天尊项链,0,0,1
744,htEquip_Jewelry,29,99920030,魔血项链,0,0,1
745,htEquip_Jewelry,30,99920031,虹魔项链,0,0,1
746,htEquip_Jewelry,31,99920042,软玉项链,0,0,1
747,htEquip_Jewelry,32,99920043,十方项链,0,0,1
748,htEquip_Jewelry,33,99920044,闪影项链,0,0,1
749,htEquip_Jewelry,34,99920045,芒星项链,0,0,1
750,htEquip_Jewelry,35,99920046,风暴项链,0,0,1
751,htEquip_Jewelry,36,99920047,风行项链,0,0,1
752,htEquip_Jewelry,37,99920048,冥王项链,0,0,1
753,htEquip_Jewelry,38,99930001,古铜戒指,0,0,1
754,htEquip_Jewelry,39,99930002,玻璃戒指,0,0,1
755,htEquip_Jewelry,40,99930003,六角戒指,0,0,1
756,htEquip_Jewelry,41,99930004,牛角戒指,0,0,1
757,htEquip_Jewelry,42,99930005,蓝色水晶戒指,0,0,1
758,htEquip_Jewelry,43,99930006,生铁戒指,0,0,1
759,htEquip_Jewelry,44,99930007,珍珠戒指,0,0,1
760,htEquip_Jewelry,45,99930008,黑色水晶戒指,0,0,1
761,htEquip_Jewelry,46,99930009,蛇眼戒指,0,0,1
762,htEquip_Jewelry,47,99930010,金戒指,0,0,1
763,htEquip_Jewelry,48,99930011,道德戒指,0,0,1
764,htEquip_Jewelry,49,99930012,魅力戒指,0,0,1
765,htEquip_Jewelry,50,99930013,降妖除魔戒指,0,0,1
766,htEquip_Jewelry,51,99930014,铂金戒指,0,0,1
767,htEquip_Jewelry,52,99930015,骷髅戒指,0,0,1
768,htEquip_Jewelry,53,99930016,珊瑚戒指,0,0,1
769,htEquip_Jewelry,54,99930017,红宝石戒指,0,0,1
770,htEquip_Jewelry,55,99930018,龙之戒指,0,0,1
771,htEquip_Jewelry,56,99930019,力量戒指,0,0,1
772,htEquip_Jewelry,57,99930020,紫碧螺,0,0,1
773,htEquip_Jewelry,58,99930021,泰坦戒指,0,0,1
774,htEquip_Jewelry,59,99930022,狂风戒指,0,0,1
775,htEquip_Jewelry,60,99930023,传送戒指,0,0,1
776,htEquip_Jewelry,61,99930024,护身戒指,0,0,1
777,htEquip_Jewelry,62,99930025,防御戒指,0,0,1
778,htEquip_Jewelry,63,99930026,麻痹戒指,0,0,1
779,htEquip_Jewelry,64,99930027,超负载戒指,0,0,1
780,htEquip_Jewelry,65,99930028,火焰戒指,0,0,1
781,htEquip_Jewelry,66,99930029,复活戒指,0,0,1
782,htEquip_Jewelry,67,99930030,隐身戒指,0,0,1
783,htEquip_Jewelry,68,99930031,记忆戒指,0,0,1
784,htEquip_Jewelry,69,99930032,祈祷戒指,0,0,1
785,htEquip_Jewelry,70,99930033,圣战戒指,0,0,1
786,htEquip_Jewelry,71,99930034,法神戒指,0,0,1
787,htEquip_Jewelry,72,99930035,天尊戒指,0,0,1
788,htEquip_Jewelry,73,99930036,魔血戒指,0,0,1
789,htEquip_Jewelry,74,99930037,虹魔戒指,0,0,1
790,htEquip_Jewelry,75,99930045,青铜戒指,0,0,1
791,htEquip_Jewelry,76,99930046,翡翠戒指,0,0,1
792,htEquip_Jewelry,77,99930047,紫玉戒指,0,0,1
793,htEquip_Jewelry,78,99930048,闪影戒指,0,0,1
794,htEquip_Jewelry,79,99930049,芒星戒指,0,0,1
795,htEquip_Jewelry,80,99930050,风暴戒指,0,0,1
796,htEquip_Jewelry,81,99930051,风行暗戒,0,0,1
797,htEquip_Jewelry,82,99930052,冥王戒指,0,0,1
798,htEquip_Jewelry,83,99940001,铁手镯,0,0,1
799,htEquip_Jewelry,84,99940002,小手镯,0,0,1
800,htEquip_Jewelry,85,99940003,银手镯,0,0,1
801,htEquip_Jewelry,86,99940004,大手镯,0,0,1
802,htEquip_Jewelry,87,99940005,钢手镯,0,0,1
803,htEquip_Jewelry,88,99940006,魔法手镯,0,0,1
804,htEquip_Jewelry,89,99940007,道士手镯,0,0,1
805,htEquip_Jewelry,90,99940008,黑檀手镯,0,0,1
806,htEquip_Jewelry,91,99940009,金手镯,0,0,1
807,htEquip_Jewelry,92,99940010,三眼手镯,0,0,1
808,htEquip_Jewelry,93,99940011,思贝儿手镯,0,0,1
809,htEquip_Jewelry,94,99940012,骑士手镯,0,0,1
810,htEquip_Jewelry,95,99940013,夏普儿手镯,0,0,1
811,htEquip_Jewelry,96,99940014,辟邪手镯,0,0,1
812,htEquip_Jewelry,97,99940015,心灵手镯,0,0,1
813,htEquip_Jewelry,98,99940016,龙之手镯,0,0,1
814,htEquip_Jewelry,99,99940017,皮制手套,0,0,1
815,htEquip_Jewelry,100,99940018,坚固手套,0,0,1
816,htEquip_Jewelry,101,99940019,死神手套,0,0,1
817,htEquip_Jewelry,102,99940020,幽灵手套,0,0,1
818,htEquip_Jewelry,103,99940021,阎罗手套,0,0,1
819,htEquip_Jewelry,104,99940022,记忆手镯,0,0,1
820,htEquip_Jewelry,105,99940023,祈祷手镯,0,0,1
821,htEquip_Jewelry,106,99940024,圣战手镯,0,0,1
822,htEquip_Jewelry,107,99940025,法神手镯,0,0,1
823,htEquip_Jewelry,108,99940026,天尊手镯,0,0,1
824,htEquip_Jewelry,109,99940027,魔力手镯,0,0,1
825,htEquip_Jewelry,110,99940028,魔血手镯,0,0,1
826,htEquip_Jewelry,111,99940029,虹魔手镯,0,0,1
827,htEquip_Jewelry,112,99940036,桃木手镯,0,0,1
828,htEquip_Jewelry,113,99940037,闪影手镯,0,0,1
829,htEquip_Jewelry,114,99940038,芒星手镯,0,0,1
830,htEquip_Jewelry,115,99940039,风暴手镯,0,0,1
831,htEquip_Jewelry,116,99940040,风行护腕,0,0,1
832,htEquip_Jewelry,117,99940041,冥王手镯,0,0,1
833,htEquip_Jewelry,118,99920032,雷霆项链,0,0,1
834,htEquip_Jewelry,119,99920033,烈焰项链,0,0,1
835,htEquip_Jewelry,120,99920034,光芒项链,0,0,1
836,htEquip_Jewelry,121,99930038,雷霆战戒,0,0,1
837,htEquip_Jewelry,122,99930039,烈焰魔戒,0,0,1
838,htEquip_Jewelry,123,99930040,光芒道戒,0,0,1
839,htEquip_Jewelry,124,99940030,雷霆护腕,0,0,1
840,htEquip_Jewelry,125,99940031,烈焰护腕,0,0,1
841,htEquip_Jewelry,126,99940032,光芒护腕,0,0,1
842,htEquip_Jewelry,127,99930041,穿云戒,0,0,1
843,htEquip_Jewelry,128,99920039,战神项链,0,0,1
844,htEquip_Jewelry,129,99920040,圣魔项链,0,0,1
845,htEquip_Jewelry,130,99920041,真魂项链,0,0,1
846,htEquip_Jewelry,131,99930042,战神戒指,0,0,1
847,htEquip_Jewelry,132,99930043,圣魔戒指,0,0,1
848,htEquip_Jewelry,133,99930044,真魂戒指,0,0,1
849,htEquip_Jewelry,134,99940033,战神手镯,0,0,1
850,htEquip_Jewelry,135,99940034,圣魔手镯,0,0,1
851,htEquip_Jewelry,136,99940035,真魂手镯,0,0,1
852,htEquip_Jewelry,137,99920053,星王项链（圣战）,0,0,1
853,htEquip_Jewelry,138,99920054,星王项链（法神）,0,0,1
854,htEquip_Jewelry,139,99920055,星王项链（天尊）,0,0,1
855,htEquip_Jewelry,140,99920056,星王项链（影刺）,0,0,1
856,htEquip_Jewelry,141,99940042,星王手镯（圣战）,0,0,1
857,htEquip_Jewelry,142,99940043,星王手镯（法神）,0,0,1
858,htEquip_Jewelry,143,99940044,星王手镯（天尊）,0,0,1
859,htEquip_Jewelry,144,99940045,星王手镯（影刺）,0,0,1
860,htEquip_Jewelry,145,99920071,古藤项链,0,0,1
861,htEquip_Jewelry,146,99920072,狞猫项链,0,0,1
862,htEquip_Jewelry,147,99920073,狼牙项链,0,0,1
863,htEquip_Jewelry,148,99920074,神射项链,0,0,1
864,htEquip_Jewelry,149,99920075,箭灵项链,0,0,1
865,htEquip_Jewelry,150,99920076,玄冰项链,0,0,1
866,htEquip_Jewelry,151,99920077,晶爪项链,0,0,1
867,htEquip_Jewelry,152,99920079,记忆项链・飞矢,0,0,1
868,htEquip_Jewelry,153,99920080,星王项链(箭灵),0,0,1
869,htEquip_Jewelry,154,99930071,古藤戒指,0,0,1
870,htEquip_Jewelry,155,99930072,扣弦扳指,0,0,1
871,htEquip_Jewelry,156,99930073,铁皮指环,0,0,1
872,htEquip_Jewelry,157,99930074,狼首戒指,0,0,1
873,htEquip_Jewelry,158,99930075,射手指环,0,0,1
874,htEquip_Jewelry,159,99930076,箭灵戒指,0,0,1
875,htEquip_Jewelry,160,99930077,玄冰指环,0,0,1
876,htEquip_Jewelry,161,99930078,陨晶之戒,0,0,1
877,htEquip_Jewelry,162,99940071,古藤手镯,0,0,1
878,htEquip_Jewelry,163,99940072,狮纹手镯,0,0,1
879,htEquip_Jewelry,164,99940073,血狮腕带,0,0,1
880,htEquip_Jewelry,165,99940074,箭灵手镯,0,0,1
881,htEquip_Jewelry,166,99940075,玄冰手镯,0,0,1
882,htEquip_Jewelry,167,99940076,晶喙之镯,0,0,1
883,htEquip_Jewelry,168,99940077,星王手镯(箭灵),0,0,1
884,htEquip_Jewelry,169,99930053,星王戒指(圣战),0,0,1
885,htEquip_Jewelry,170,99930054,星王戒指(法神),0,0,1
886,htEquip_Jewelry,171,99930055,星王戒指(天尊),0,0,1
887,htEquip_Jewelry,172,99930056,星王戒指(影刺),0,0,1
888,htEquip_Jewelry,173,99930079,星王戒指(箭灵),0,0,1
889,htEquip_Jewelry,174,99920084,铁虎项链,0,0,1
890,htEquip_Jewelry,175,99920085,虎贲项链,0,0,1
891,htEquip_Jewelry,176,99920086,天诛凶链,0,0,1
892,htEquip_Jewelry,177,99920087,龙王项链,0,0,1
893,htEquip_Jewelry,178,99920089,记忆项链・疾风,0,0,1
894,htEquip_Jewelry,179,99920090,星王项链(龙枪),0,0,1
895,htEquip_Jewelry,180,99930085,铁虎指环,0,0,1
896,htEquip_Jewelry,181,99930086,虎贲戒指,0,0,1
897,htEquip_Jewelry,182,99930087,天诛血戒,0,0,1
898,htEquip_Jewelry,183,99930088,龙王之戒,0,0,1
899,htEquip_Jewelry,184,99930089,星王戒指(龙枪),0,0,1
900,htEquip_Jewelry,185,99940083,铁虎腕轮,0,0,1
901,htEquip_Jewelry,186,99940084,虎贲手镯,0,0,1
902,htEquip_Jewelry,187,99940085,天诛邪镯,0,0,1
903,htEquip_Jewelry,188,99940086,龙王之腕,0,0,1
904,htEquip_Jewelry,189,99940087,星王手镯(龙枪),0,0,1
905,htEquip_Armor,0,99980113,布衣,0,0,1
906,htEquip_Armor,1,99990113,布衣,0,0,1
907,htEquip_Armor,2,99980213,轻型盔甲,0,0,1
908,htEquip_Armor,3,99990213,轻型盔甲,0,0,1
909,htEquip_Armor,4,99980313,中型盔甲,0,0,1
910,htEquip_Armor,5,99990313,中型盔甲,0,0,1
911,htEquip_Armor,6,99980413,重盔甲,0,0,1
912,htEquip_Armor,7,99990413,重盔甲,0,0,1
913,htEquip_Armor,8,99980423,魔法长袍,0,0,1
914,htEquip_Armor,9,99990423,魔法长袍,0,0,1
915,htEquip_Armor,10,99980433,灵魂战衣,0,0,1
916,htEquip_Armor,11,99990433,灵魂战衣,0,0,1
917,htEquip_Armor,12,99980443,刺客短袍,0,0,1
918,htEquip_Armor,13,99990443,刺客短袍,0,0,1
919,htEquip_Armor,14,99980513,战神盔甲,0,0,1
920,htEquip_Armor,15,99990513,战神盔甲,0,0,1
921,htEquip_Armor,16,99980523,恶魔长袍,0,0,1
922,htEquip_Armor,17,99990523,恶魔长袍,0,0,1
923,htEquip_Armor,18,99980533,幽灵战衣,0,0,1
924,htEquip_Armor,19,99990533,幽灵战衣,0,0,1
925,htEquip_Armor,20,99980543,风侠短袍,0,0,1
926,htEquip_Armor,21,99990543,风侠短袍,0,0,1
927,htEquip_Armor,22,99980613,天魔神甲,0,0,1
928,htEquip_Armor,23,99990613,圣战宝甲,0,0,1
929,htEquip_Armor,24,99980623,法神披风,0,0,1
930,htEquip_Armor,25,99990623,霓裳羽衣,0,0,1
931,htEquip_Armor,26,99980633,天尊道袍,0,0,1
932,htEquip_Armor,27,99990633,天师长袍,0,0,1
933,htEquip_Armor,28,99980643,耀阳赤衣,0,0,1
934,htEquip_Armor,29,99990643,暗影赤衣,0,0,1
935,htEquip_Armor,30,99910001,记忆头盔,0,0,1
936,htEquip_Armor,31,99910007,祈祷头盔,0,0,1
937,htEquip_Armor,32,99990111,青铜头盔,0,0,1
938,htEquip_Armor,33,99990211,魔法头盔,0,0,1
939,htEquip_Armor,34,99990311,骷髅头盔,0,0,1
940,htEquip_Armor,35,99990411,道士头盔,0,0,1
941,htEquip_Armor,36,99990511,黑铁头盔,0,0,1
942,htEquip_Armor,37,99990611,圣战头盔,0,0,1
943,htEquip_Armor,38,99990621,法神头盔,0,0,1
944,htEquip_Armor,39,99990631,天尊头盔,0,0,1
945,htEquip_Armor,40,99990641,风暴头盔,0,0,1
946,htEquip_Armor,41,99999001,传说头盔(圣战),0,0,1
947,htEquip_Armor,42,99999002,传说头盔(法神),0,0,1
948,htEquip_Armor,43,99999003,传说头盔(天尊),0,0,1
949,htEquip_Armor,44,99999004,传说头盔(影刺),0,0,1
950,htEquip_Armor,45,99999013,预言头盔(圣战),0,0,1
951,htEquip_Armor,46,99999014,预言头盔(法神),0,0,1
952,htEquip_Armor,47,99999015,预言头盔(天尊),0,0,1
953,htEquip_Armor,48,99999016,预言头盔(影刺),0,0,1
954,htEquip_Armor,49,99990315,兽皮腰带,0,0,1
955,htEquip_Armor,50,99990415,铁腰带,0,0,1
956,htEquip_Armor,51,99990515,青铜腰带,0,0,1
957,htEquip_Armor,52,99990615,钢铁腰带,0,0,1
958,htEquip_Armor,53,99990317,布鞋,0,0,1
959,htEquip_Armor,54,99990417,鹿皮靴,0,0,1
960,htEquip_Armor,55,99990517,紫绸靴,0,0,1
961,htEquip_Armor,56,99990617,避魂靴,0,0,1
962,htEquip_Armor,57,99950003,龙之叹息・华美,0,0,1
963,htEquip_Armor,70,99980713,雷霆战甲,0,0,1
964,htEquip_Armor,71,99990713,雷霆战甲,0,0,1
965,htEquip_Armor,72,99980723,烈焰魔衣,0,0,1
966,htEquip_Armor,73,99990723,烈焰魔衣,0,0,1
967,htEquip_Armor,74,99980733,光芒道袍,0,0,1
968,htEquip_Armor,75,99990733,光芒道袍,0,0,1
969,htEquip_Armor,76,99980743,风行盾甲,0,0,1
970,htEquip_Armor,77,99990743,风行盾甲,0,0,1
971,htEquip_Armor,78,99980813,凤天魔甲,0,0,1
972,htEquip_Armor,79,99990813,凰天魔衣,0,0,1
973,htEquip_Armor,80,59900001,城主战盔,0,0,1
974,htEquip_Armor,81,59900002,城主战盔,0,0,1
975,htEquip_Armor,82,59900003,城主战盔,0,0,1
976,htEquip_Armor,83,59900004,城主战盔,0,0,1
977,htEquip_Armor,84,59900005,城主战盔,0,0,1
978,htEquip_Armor,85,59900006,城主战盔,0,0,1
979,htEquip_Armor,86,59900007,城主战袍,0,0,1
980,htEquip_Armor,87,59900008,城主战袍,0,0,1
981,htEquip_Armor,88,59900009,城主战袍,0,0,1
982,htEquip_Armor,89,59900010,城主战袍,0,0,1
983,htEquip_Armor,90,59900011,城主战袍,0,0,1
984,htEquip_Armor,91,59900012,城主战袍,0,0,1
985,htEquip_Armor,92,59900101,城主披风,0,0,1
986,htEquip_Armor,93,59900103,城主披风,0,0,1
987,htEquip_Armor,94,59900105,城主披风,0,0,1
988,htEquip_Armor,95,59900107,城主披风,0,0,1
989,htEquip_Armor,96,99990312,老兵护肩,0,0,1
990,htEquip_Armor,97,99990322,粗皮护肩,0,0,1
991,htEquip_Armor,98,99990332,麻织护肩,0,0,1
992,htEquip_Armor,99,99990342,帆布护肩,0,0,1
993,htEquip_Armor,100,99990412,铁牙护肩,0,0,1
994,htEquip_Armor,101,99990422,赤纱护肩,0,0,1
995,htEquip_Armor,102,99990432,精工护肩,0,0,1
996,htEquip_Armor,103,99990442,紫金护肩,0,0,1
997,htEquip_Armor,104,99990512,寒狼护肩,0,0,1
998,htEquip_Armor,105,99990522,火纹护肩,0,0,1
999,htEquip_Armor,106,99990532,流云护肩,0,0,1
1000,htEquip_Armor,107,99990542,霜影护肩,0,0,1
1001,htEquip_Armor,108,99950013,魔牙战麾・燃烧,0,0,1
1002,htEquip_Armor,109,99950023,魔法斗篷・燃烧,0,0,1
1003,htEquip_Armor,110,99950033,霜焰披风・燃烧,0,0,1
1004,htEquip_Armor,111,99950073,风侠羽衣・燃烧,0,0,1
1005,htEquip_Armor,112,99990316,老兵护腕,0,0,1
1006,htEquip_Armor,113,99990326,粗皮护腕,0,0,1
1007,htEquip_Armor,114,99990336,麻织护腕,0,0,1
1008,htEquip_Armor,115,99990346,帆布护腕,0,0,1
1009,htEquip_Armor,116,99990416,铁牙护腕,0,0,1
1010,htEquip_Armor,117,99990426,赤纱护腕,0,0,1
1011,htEquip_Armor,118,99990436,精工护腕,0,0,1
1012,htEquip_Armor,119,99990446,紫金护腕,0,0,1
1013,htEquip_Armor,120,99990516,寒狼护腕,0,0,1
1014,htEquip_Armor,121,99990526,火纹护腕,0,0,1
1015,htEquip_Armor,122,99990536,流云护腕,0,0,1
1016,htEquip_Armor,123,99990546,霜影护腕,0,0,1
1017,htEquip_Armor,124,99990715,雷霆腰带,0,0,1
1018,htEquip_Armor,125,99990725,烈焰腰带,0,0,1
1019,htEquip_Armor,126,99990735,光芒腰带,0,0,1
1020,htEquip_Armor,127,99990745,风行腰带,0,0,1
1021,htEquip_Armor,128,99990717,雷霆战靴,0,0,1
1022,htEquip_Armor,129,99990727,烈焰魔靴,0,0,1
1023,htEquip_Armor,130,99990737,光芒道靴,0,0,1
1024,htEquip_Armor,131,99990747,风行灵靴,0,0,1
1025,htEquip_Armor,132,99999009,传说腰带(圣战),0,0,1
1026,htEquip_Armor,133,99999010,传说腰带(法神),0,0,1
1027,htEquip_Armor,134,99999011,传说腰带(天尊),0,0,1
1028,htEquip_Armor,135,99999012,传说腰带(影刺),0,0,1
1029,htEquip_Armor,136,99999021,预言腰带(圣战),0,0,1
1030,htEquip_Armor,137,99999022,预言腰带(法神),0,0,1
1031,htEquip_Armor,138,99999023,预言腰带(天尊),0,0,1
1032,htEquip_Armor,139,99999024,预言腰带(影刺),0,0,1
1033,htEquip_Armor,140,99999005,传说靴子(圣战),0,0,1
1034,htEquip_Armor,141,99999006,传说靴子(法神),0,0,1
1035,htEquip_Armor,142,99999007,传说靴子(天尊),0,0,1
1036,htEquip_Armor,143,99999008,传说靴子(影刺),0,0,1
1037,htEquip_Armor,144,99999017,预言靴子(圣战),0,0,1
1038,htEquip_Armor,145,99999018,预言靴子(法神),0,0,1
1039,htEquip_Armor,146,99999019,预言靴子(天尊),0,0,1
1040,htEquip_Armor,147,99999020,预言靴子(影刺),0,0,1
1041,htEquip_Armor,148,99980453,野猎之袍,0,0,1
1042,htEquip_Armor,149,99990453,野猎之袍,0,0,1
1043,htEquip_Armor,150,99980553,兽骨猎袍,0,0,1
1044,htEquip_Armor,151,99990553,兽骨猎袍,0,0,1
1045,htEquip_Armor,152,99980653,箭灵铠甲,0,0,1
1046,htEquip_Armor,153,99990653,羽灵护甲,0,0,1
1047,htEquip_Armor,154,99980753,玄冰战甲,0,0,1
1048,htEquip_Armor,155,99990753,玄冰战甲,0,0,1
1049,htEquip_Armor,156,99990352,软革护肩,0,0,1
1050,htEquip_Armor,157,99990452,兽骨护肩,0,0,1
1051,htEquip_Armor,158,99990552,绿萤护肩,0,0,1
1052,htEquip_Armor,159,99990356,软革护腕,0,0,1
1053,htEquip_Armor,160,99990456,兽骨护腕,0,0,1
1054,htEquip_Armor,161,99990556,冰心护腕,0,0,1
1055,htEquip_Armor,162,99990651,箭灵头盔,0,0,1
1056,htEquip_Armor,163,99990755,玄冰腰带,0,0,1
1057,htEquip_Armor,164,99990757,玄冰猎靴,0,0,1
1058,htEquip_Armor,165,99950083,神锋斗篷・燃烧,0,0,1
1059,htEquip_Armor,167,99999025,传说头盔(箭灵),0,0,1
1060,htEquip_Armor,168,99999026,传说靴子(箭灵),0,0,1
1061,htEquip_Armor,169,99999027,传说腰带(箭灵),0,0,1
1062,htEquip_Armor,170,99999028,预言头盔(箭灵),0,0,1
1063,htEquip_Armor,171,99999029,预言靴子(箭灵),0,0,1
1064,htEquip_Armor,172,99999030,预言腰带(箭灵),0,0,1
1065,htEquip_Armor,173,59900017,城主战盔,0,0,1
1066,htEquip_Armor,174,59900018,城主战盔,0,0,1
1067,htEquip_Armor,175,59900019,城主战袍,0,0,1
1068,htEquip_Armor,176,59900020,城主战袍,0,0,1
1069,htEquip_Armor,177,59900108,城主披风,0,0,1
1070,htEquip_Armor,178,99980463,镔铁盔甲,0,0,1
1071,htEquip_Armor,179,99990463,镔铁盔甲,0,0,1
1072,htEquip_Armor,180,99980563,陷阵之甲,0,0,1
1073,htEquip_Armor,181,99990563,陷阵之甲,0,0,1
1074,htEquip_Armor,182,99980663,龙枪神甲,0,0,1
1075,htEquip_Armor,183,99990663,龙枪宝甲,0,0,1
1076,htEquip_Armor,184,99980763,天诛魔甲,0,0,1
1077,htEquip_Armor,185,99990763,天诛魔甲,0,0,1
1078,htEquip_Armor,186,99990362,青铜护肩,0,0,1
1079,htEquip_Armor,187,99990462,黑金护肩,0,0,1
1080,htEquip_Armor,188,99990562,虎贲护肩,0,0,1
1081,htEquip_Armor,189,99990366,青铜护腕,0,0,1
1082,htEquip_Armor,190,99990466,黑金护腕,0,0,1
1083,htEquip_Armor,191,99990566,虎贲护腕,0,0,1
1084,htEquip_Armor,192,99990661,龙枪头盔,0,0,1
1085,htEquip_Armor,193,99990765,天诛腰带,0,0,1
1086,htEquip_Armor,194,99990767,天诛暗靴,0,0,1
1087,htEquip_Armor,195,99950093,疾风斗篷・燃烧,0,0,1
1088,htEquip_Armor,196,99999031,传说头盔(龙枪),0,0,1
1089,htEquip_Armor,197,99999032,传说靴子(龙枪),0,0,1
1090,htEquip_Armor,198,99999033,传说腰带(龙枪),0,0,1
1091,htEquip_Armor,199,99999034,预言头盔(龙枪),0,0,1
1092,htEquip_Armor,200,99999035,预言靴子(龙枪),0,0,1
1093,htEquip_Armor,201,99999036,预言腰带(龙枪),0,0,1
1094,htEquip_Armor,202,59900021,城主战盔,0,0,1
1095,htEquip_Armor,203,59900022,城主战盔,0,0,1
1096,htEquip_Armor,204,59900023,城主战袍,0,0,1
1097,htEquip_Armor,205,59900024,城主战袍,0,0,1
1098,htEquip_Armor,206,59900109,城主披风,0,0,1
1099,htEquip_Armor,207,59900013,城主战盔,0,0,1
1100,htEquip_Armor,208,59900014,城主战盔,0,0,1
1101,htEquip_Armor,209,59900015,城主战袍,0,0,1
1102,htEquip_Armor,210,59900016,城主战袍,0,0,1
1103,htEquip_Armor,211,59910001,强化・城主战盔,0,0,1
1104,htEquip_Armor,212,59910002,强化・城主战盔,0,0,1
1105,htEquip_Armor,213,59910003,强化・城主战盔,0,0,1
1106,htEquip_Armor,214,59910004,强化・城主战盔,0,0,1
1107,htEquip_Armor,215,59910005,强化・城主战盔,0,0,1
1108,htEquip_Armor,216,59910006,强化・城主战盔,0,0,1
1109,htEquip_Armor,217,59910007,强化・城主战袍,0,0,1
1110,htEquip_Armor,218,59910008,强化・城主战袍,0,0,1
1111,htEquip_Armor,219,59910009,强化・城主战袍,0,0,1
1112,htEquip_Armor,220,59910010,强化・城主战袍,0,0,1
1113,htEquip_Armor,221,59910011,强化・城主战袍,0,0,1
1114,htEquip_Armor,222,59910012,强化・城主战袍,0,0,1
1115,htEquip_Armor,223,59910013,强化・城主战盔,0,0,1
1116,htEquip_Armor,224,59910014,强化・城主战盔,0,0,1
1117,htEquip_Armor,225,59910015,强化・城主战袍,0,0,1
1118,htEquip_Armor,226,59910016,强化・城主战袍,0,0,1
1119,htEquip_Armor,227,59910017,强化・城主战盔,0,0,1
1120,htEquip_Armor,228,59910018,强化・城主战盔,0,0,1
1121,htEquip_Armor,229,59910019,强化・城主战袍,0,0,1
1122,htEquip_Armor,230,59910020,强化・城主战袍,0,0,1
1123,htEquip_Armor,231,59910021,强化・城主战盔,0,0,1
1124,htEquip_Armor,232,59910022,强化・城主战盔,0,0,1
1125,htEquip_Armor,233,59910023,强化・城主战袍,0,0,1
1126,htEquip_Armor,234,59910024,强化・城主战袍,0,0,1
1127,htEquip_Armor,235,99990712,破凰护肩(圣战),0,0,1
1128,htEquip_Armor,236,99990722,破凰护肩(法神),0,0,1
1129,htEquip_Armor,237,99990732,破凰护肩(天尊),0,0,1
1130,htEquip_Armor,238,99990742,破凰护肩(影刺),0,0,1
1131,htEquip_Armor,239,99990752,破凰护肩(箭灵),0,0,1
1132,htEquip_Armor,240,99990762,破凰护肩(龙枪),0,0,1
1133,htRune_Warrior,0,10311,基本剑术[旋风印],0,0,1
1134,htRune_Warrior,1,10312,基本剑术[主宰印],0,0,1
1135,htRune_Warrior,2,10313,基本剑术[幽速印],0,0,1
1136,htRune_Warrior,3,10314,基本剑术[压制印],0,0,1
1137,htRune_Warrior,4,10321,攻杀剑术[暴君印],0,0,1
1138,htRune_Warrior,5,10322,攻杀剑术[银光印],0,0,1
1139,htRune_Warrior,6,10323,攻杀剑术[血杀印],0,0,1
1140,htRune_Warrior,7,10324,攻杀剑术[煌龙印],0,0,1
1141,htRune_Warrior,8,10331,刺杀剑术[破法印],0,0,1
1142,htRune_Warrior,9,10332,刺杀剑术[耀光印],0,0,1
1143,htRune_Warrior,10,10333,刺杀剑术[破山印],0,0,1
1144,htRune_Warrior,11,10341,半月弯刀[月华印],0,0,1
1145,htRune_Warrior,12,10342,半月弯刀[观月印],0,0,1
1146,htRune_Warrior,13,10343,半月弯刀[疾月印],0,0,1
1147,htRune_Warrior,14,10351,野蛮冲撞[裂风印],0,0,1
1148,htRune_Warrior,15,10352,野蛮冲撞[聚火印],0,0,1
1149,htRune_Warrior,16,10353,野蛮冲撞[疾步印],0,0,1
1150,htRune_Warrior,17,10354,野蛮冲撞[冲撞印],0,0,1
1151,htRune_Warrior,18,10355,野蛮冲撞[蛮勇印],0,0,1
1152,htRune_Warrior,19,10361,烈火剑法[斩月印],0,0,1
1153,htRune_Warrior,20,10362,烈火剑法[夺火印],0,0,1
1154,htRune_Warrior,21,10363,烈火剑法[燃烧印],0,0,1
1155,htRune_Warrior,22,10371,狮子吼[破甲印],0,0,1
1156,htRune_Warrior,23,10372,狮子吼[凌月印],0,0,1
1157,htRune_Warrior,24,10373,狮子吼[毁伤印],0,0,1
1158,htRune_Warrior,25,10374,狮子吼[梦魇印],0,0,1
1159,htRune_Warrior,26,10375,狮子吼[决意印],0,0,1
1160,htRune_Warrior,27,10376,狮子吼[战吼印],0,0,1
1161,htRune_Warrior,28,10421,爆炎剑诀[崩山印],0,0,1
1162,htRune_Warrior,29,10381,逐日剑法[开疆印],0,0,1
1163,htRune_Warrior,30,10382,逐日剑法[神躯印],0,0,1
1164,htRune_Warrior,31,10383,逐日剑法[升龙印],0,0,1
1165,htRune_Mage,32,25311,火球术[火锥印],0,0,1
1166,htRune_Mage,33,25321,抗拒火环[焰华印],0,0,1
1167,htRune_Mage,34,25411,诱惑之光[军势印],0,0,1
1168,htRune_Mage,35,25412,诱惑之光[魔语印],0,0,1
1169,htRune_Mage,36,25413,诱惑之光[魔魇印],0,0,1
1170,htRune_Mage,37,25414,诱惑之光[血契印],0,0,1
1171,htRune_Mage,38,25415,诱惑之光[噬魂印],0,0,1
1172,htRune_Mage,39,25416,诱惑之光[邪光印],0,0,1
1173,htRune_Mage,40,25417,诱惑之光[邪影印],0,0,1
1174,htRune_Mage,41,25441,地狱火[炎龙印],0,0,1
1175,htRune_Mage,42,25331,雷电术[天怒印],0,0,1
1176,htRune_Mage,43,25332,雷电术[天罚印],0,0,1
1177,htRune_Mage,44,25381,瞬息移动[空行印],0,0,1
1178,htRune_Mage,45,25451,爆裂火焰[疾火印],0,0,1
1179,htRune_Mage,46,25341,火墙[观火印],0,0,1
1180,htRune_Mage,47,25342,火墙[真红印],0,0,1
1181,htRune_Mage,48,25361,疾光电影[雷神印],0,0,1
1182,htRune_Mage,49,25362,疾光电影[雷诛印],0,0,1
1183,htRune_Mage,50,25363,疾光电影[雷咒印],0,0,1
1184,htRune_Mage,51,25461,地狱雷光[雷龙印],0,0,1
1185,htRune_Mage,52,25351,魔法盾[天守印],0,0,1
1186,htRune_Mage,53,25352,魔法盾[霜骨印],0,0,1
1187,htRune_Mage,54,25353,魔法盾[逢生印],0,0,1
1188,htRune_Mage,55,25472,圣言术[圣灵印],0,0,1
1189,htRune_Mage,56,25473,圣言术[秘咒印],0,0,1
1190,htRune_Mage,57,25371,冰咆哮[龙行印],0,0,1
1191,htRune_Mage,58,25372,冰咆哮[龙魂印],0,0,1
1192,htRune_Mage,59,25501,寒冰掌[霜冻印],0,0,1
1193,htRune_Mage,60,25491,大火球[连环印],0,0,1
1194,htRune_Mage,61,25391,灭天火[夺气印],0,0,1
1195,htRune_Mage,62,25392,灭天火[冥火印],0,0,1
1196,htRune_Mage,63,25401,流星火雨[火雨印],0,0,1
1197,htRune_Mage,64,25402,流星火雨[陨石印],0,0,1
1198,htRune_Taoist,65,30021,治愈术[神佑印],0,0,1
1199,htRune_Taoist,66,30022,治愈术[妙手印],0,0,1
1200,htRune_Taoist,67,30011,精神力战法[灵爆印],0,0,1
1201,htRune_Taoist,68,30012,精神力战法[灵击印],0,0,1
1202,htRune_Taoist,69,30013,精神力战法[道法印],0,0,1
1203,htRune_Taoist,70,30041,施毒术[凌波印],0,0,1
1204,htRune_Taoist,71,30042,施毒术[凌锋印],0,0,1
1205,htRune_Taoist,72,30043,施毒术[凌云印],0,0,1
1206,htRune_Taoist,73,30045,施毒术[凌蛊印],0,0,1
1207,htRune_Taoist,74,30051,灵魂火符[符阵印],0,0,1
1208,htRune_Taoist,75,30052,灵魂火符[灵控印],0,0,1
1209,htRune_Taoist,76,30053,灵魂火符[火蛇印],0,0,1
1210,htRune_Taoist,77,30054,灵魂火符[弹射印],0,0,1
1211,htRune_Taoist,78,30031,召唤骷髅[君王印],0,0,1
1212,htRune_Taoist,79,30032,召唤骷髅[迦兰印],0,0,1
1213,htRune_Taoist,80,30033,召唤骷髅[偷天印],0,0,1
1214,htRune_Taoist,81,30091,隐身术[空相印],0,0,1
1215,htRune_Taoist,82,30141,集体隐身术[太极印],0,0,1
1216,htRune_Taoist,83,30063,幽灵盾[灵携印],0,0,1
1217,htRune_Taoist,84,30071,神圣战甲术[凝丹印],0,0,1
1218,htRune_Taoist,85,30111,困魔咒[邪咒印],0,0,1
1219,htRune_Taoist,86,30181,气功波[气场印],0,0,1
1220,htRune_Taoist,87,30182,气功波[浩然印],0,0,1
1221,htRune_Taoist,88,30121,群体治愈术[瑶光印],0,0,1
1222,htRune_Taoist,89,30081,召唤神兽[圣兽印],0,0,1
1223,htRune_Taoist,90,30082,召唤神兽[血兽印],0,0,1
1224,htRune_Taoist,91,30083,召唤神兽[灵兽印],0,0,1
1225,htRune_Taoist,92,30151,无极真气[天罡印],0,0,1
1226,htRune_Taoist,93,30152,无极真气[纯阳印],0,0,1
1227,htRune_Taoist,94,30101,噬血术[噬心印],0,0,1
1228,htRune_Taoist,95,30102,噬血术[夺魂印],0,0,1
1229,htRune_Taoist,96,30103,噬血术[失魂印],0,0,1
1230,htRune_Rogue,97,15311,暴击术[斩杀印],0,0,1
1231,htRune_Rogue,98,15312,暴击术[残像印],0,0,1
1232,htRune_Rogue,99,15313,暴击术[鹰眼印],0,0,1
1233,htRune_Rogue,100,15314,暴击术[狩猎印],0,0,1
1234,htRune_Rogue,101,15321,潜行术[隐遁印],0,0,1
1235,htRune_Rogue,102,15322,潜行术[血隐印],0,0,1
1236,htRune_Rogue,103,15323,潜行术[无竭印],0,0,1
1237,htRune_Rogue,104,15331,致残毒药[鹰目印],0,0,1
1238,htRune_Rogue,105,15332,致残毒药[心妒印],0,0,1
1239,htRune_Rogue,106,15333,致残毒药[制约印],0,0,1
1240,htRune_Rogue,107,15334,致残毒药[血煞印],0,0,1
1241,htRune_Rogue,108,15335,致残毒药[星裂印],0,0,1
1242,htRune_Rogue,109,15341,精准术[审判印],0,0,1
1243,htRune_Rogue,110,15342,精准术[混沌印],0,0,1
1244,htRune_Rogue,111,15343,精准术[续战印],0,0,1
1245,htRune_Rogue,112,15344,精准术[乱影印],0,0,1
1246,htRune_Rogue,113,15351,炎龙波[游龙印],0,0,1
1247,htRune_Rogue,114,15352,炎龙波[龙宵印],0,0,1
1248,htRune_Rogue,115,15353,炎龙波[灼龙印],0,0,1
1249,htRune_Rogue,116,15354,炎龙波[执着印],0,0,1
1250,htRune_Rogue,117,15361,旋风腿[朔风印],0,0,1
1251,htRune_Rogue,118,15362,旋风腿[龙摆印],0,0,1
1252,htRune_Rogue,119,15363,旋风腿[缚魂印],0,0,1
1253,htRune_Rogue,120,15371,鬼灵步[传灾印],0,0,1
1254,htRune_Rogue,121,15372,鬼灵步[移形印],0,0,1
1255,htRune_Rogue,122,15373,鬼灵步[脱兔印],0,0,1
1256,htRune_Rogue,123,15374,鬼灵步[火径印],0,0,1
1257,htRune_Rogue,124,15381,冷酷[灵光印],0,0,1
1258,htRune_Rogue,125,15382,冷酷[致残印],0,0,1
1259,htRune_Rogue,126,15391,火镰狂舞[双斩印],0,0,1
1260,htRune_Rogue,127,15392,火镰狂舞[火舞印],0,0,1
1261,htRune_Rogue,128,15411,追魂镖[索魂印],0,0,1
1262,htRune_Rogue,129,15412,追魂镖[延染印],0,0,1
1263,htRune_Rogue,130,15421,霹雳弹[窒息印],0,0,1
1264,htRune_Rogue,131,15422,霹雳弹[腐蚀印],0,0,1
1265,htRune_Rogue,132,15423,霹雳弹[迟滞印],0,0,1
1266,htRune_Warrior,133,10461,神威盾甲[厚甲印],0,0,1
1267,htRune_Warrior,134,10462,神威盾甲[长歌印],0,0,1
1268,htRune_Mage,135,25541,魔能闪[魔威印],0,0,1
1269,htRune_Mage,136,25542,魔能闪[唤魔印],0,0,1
1270,htRune_Taoist,137,30221,道尊天谕[通灵印],0,0,1
1271,htRune_Taoist,138,30222,道尊天谕[通天印],0,0,1
1272,htRune_Rogue,139,15451,献祭[吮血印],0,0,1
1273,htRune_Rogue,140,15452,献祭[噬骨印],0,0,1
1274,htRune_Warrior,141,10471,金钟罩[明王印],0,0,1
1275,htRune_Warrior,142,10472,金钟罩[不动印],0,0,1
1276,htRune_Warrior,143,10473,金钟罩[忿怒印],0,0,1
1277,htRune_Mage,144,25571,法神奥义[魔魂印],0,0,1
1278,htRune_Mage,145,25572,法神奥义[血魂印],0,0,1
1279,htRune_Mage,146,25573,法神奥义[燃魂印],0,0,1
1280,htRune_Taoist,147,30241,召唤月灵[幻灵印],0,0,1
1281,htRune_Taoist,148,30242,召唤月灵[月魔印],0,0,1
1282,htRune_Taoist,149,30243,召唤月灵[月神印],0,0,1
1283,htRune_Rogue,150,15461,暗影守卫[殇影印],0,0,1
1284,htRune_Rogue,151,15462,暗影守卫[铁卫印],0,0,1
1285,htRune_Rogue,152,15463,暗影守卫[暗魔印],0,0,1
1286,htRune_Archer,153,20411,基础射击[伏虎印],0,0,1
1287,htRune_Archer,154,20412,基础射击[清心印],0,0,1
1288,htRune_Archer,155,20421,精准打击[透骨印],0,0,1
1289,htRune_Archer,156,20422,精准打击[射戟印],0,0,1
1290,htRune_Archer,157,20423,精准打击[飞蝗印],0,0,1
1291,htRune_Archer,158,20431,二连射[冰羽印],0,0,1
1292,htRune_Archer,159,20432,二连射[驱魔印],0,0,1
1293,htRune_Archer,160,20433,二连射[双刑印],0,0,1
1294,htRune_Archer,161,20441,战术标记[铁索印],0,0,1
1295,htRune_Archer,162,20442,战术标记[汲灵印],0,0,1
1296,htRune_Archer,163,20443,战术标记[失神印],0,0,1
1297,htRune_Archer,164,20451,三发散射[四泾印],0,0,1
1298,htRune_Archer,165,20452,三发散射[三刻印],0,0,1
1299,htRune_Archer,166,20461,击飞射击[惩击印],0,0,1
1300,htRune_Archer,167,20462,击飞射击[风缚印],0,0,1
1301,htRune_Archer,168,20463,击飞射击[穿杨印],0,0,1
1302,htRune_Archer,169,20471,连环暗雷[冰霜印],0,0,1
1303,htRune_Archer,170,20472,连环暗雷[旋刃印],0,0,1
1304,htRune_Archer,171,20481,强袭[爆裂印],0,0,1
1305,htRune_Archer,172,20482,强袭[煞血印],0,0,1
1306,htRune_Archer,173,20483,强袭[破灵印],0,0,1
1307,htRune_Archer,174,20484,强袭[空灵印],0,0,1
1308,htRune_Archer,175,20491,羿神庇佑[御风印],0,0,1
1309,htRune_Archer,176,20492,羿神庇佑[神恩印],0,0,1
1310,htRune_Archer,177,20493,羿神庇佑[捷风印],0,0,1
1311,htRune_Archer,178,20501,穿刺射击[赤火印],0,0,1
1312,htRune_Archer,179,20502,穿刺射击[震穹印],0,0,1
1313,htRune_Archer,180,20511,凝神[狩心印],0,0,1
1314,htRune_Archer,181,20512,凝神[凝魂印],0,0,1
1315,htRune_Archer,182,20513,凝神[神启印],0,0,1
1316,htRune_Archer,183,20521,守护箭羽[鸿铠印],0,0,1
1317,htRune_Archer,184,20522,守护箭羽[震铠印],0,0,1
1318,htRune_Archer,185,20561,回避射击[闪灵印],0,0,1
1319,htRune_Archer,186,20562,回避射击[明心印],0,0,1
1320,htRune_Archer,187,20563,回避射击[回风印],0,0,1
1321,htRune_Warrior,188,10491,雷霆剑法[雷泽印],0,0,1
1322,htRune_Warrior,189,10492,雷霆剑法[惊雷印],0,0,1
1323,htRune_Warrior,190,10493,雷霆剑法[奔雷印],0,0,1
1324,htRune_Mage,191,25581,元素星辰[焚薪印],0,0,1
1325,htRune_Mage,192,25582,元素星辰[雷劫印],0,0,1
1326,htRune_Mage,193,25583,元素星辰[霜恸印],0,0,1
1327,htRune_Taoist,194,30251,阴阳道盾[混元印],0,0,1
1328,htRune_Taoist,195,30252,阴阳道盾[重光印],0,0,1
1329,htRune_Taoist,196,30253,阴阳道盾[紫渊印],0,0,1
1330,htRune_Rogue,197,15471,魔刃天旋[软猬印],0,0,1
1331,htRune_Rogue,198,15472,魔刃天旋[刃甲印],0,0,1
1332,htRune_Rogue,199,15473,魔刃天旋[裂伤印],0,0,1
1333,htRune_Archer,200,20571,万箭穿心[幻羽印],0,0,1
1334,htRune_Archer,201,20572,万箭穿心[积威印],0,0,1
1335,htRune_Archer,202,20573,万箭穿心[无隙印],0,0,1
1336,htRune_Spear,203,12011,中平枪术[霸王印],0,0,1
1337,htRune_Spear,204,12012,中平枪术[钢握印],0,0,1
1338,htRune_Spear,205,12021,伏波荡寇[泽国印],0,0,1
1339,htRune_Spear,206,12022,伏波荡寇[定军印],0,0,1
1340,htRune_Spear,207,12031,横扫六合[战痕印],0,0,1
1341,htRune_Spear,208,12032,横扫六合[裂甲印],0,0,1
1342,htRune_Spear,209,12041,狂飙突刺[积雷印],0,0,1
1343,htRune_Spear,210,12042,狂飙突刺[缠杀印],0,0,1
1344,htRune_Spear,211,12043,狂飙突刺[白衣印],0,0,1
1345,htRune_Spear,212,12051,钩镰枪法[狮牙印],0,0,1
1346,htRune_Spear,213,12052,钩镰枪法[蛇吻印],0,0,1
1347,htRune_Spear,214,12053,钩镰枪法[虎爪印],0,0,1
1348,htRune_Spear,215,12054,钩镰枪法[血蝠印],0,0,1
1349,htRune_Spear,216,12061,乾坤斗气[龙鳞印],0,0,1
1350,htRune_Spear,217,12062,乾坤斗气[龙威印],0,0,1
1351,htRune_Spear,218,12071,神威镇域[据守印],0,0,1
1352,htRune_Spear,219,12072,神威镇域[断喝印],0,0,1
1353,htRune_Spear,220,12081,枪出如龙[焚城印],0,0,1
1354,htRune_Spear,221,12082,枪出如龙[斩将印],0,0,1
1355,htRune_Spear,222,12083,枪出如龙[雷殛印],0,0,1
1356,htRune_Spear,223,12091,御龙晶甲[长磐印],0,0,1
1357,htRune_Spear,224,12092,御龙晶甲[龙胆印],0,0,1
1358,htRune_Spear,225,12093,御龙晶甲[吞虎印],0,0,1
1359,htRune_Spear,226,12101,凌云枪法[撼地印],0,0,1
1360,htRune_Spear,227,12102,凌云枪法[乱阵印],0,0,1
1361,htRune_Spear,228,12111,燃血化元[龙元印],0,0,1
1362,htRune_Spear,229,12112,燃血化元[传薪印],0,0,1
1363,htRune_Spear,230,12113,燃血化元[无双印],0,0,1
1364,htRune_Spear,231,12121,召唤龙驹[破军印],0,0,1
1365,htRune_Spear,232,12122,召唤龙驹[救主印],0,0,1
1366,htRune_Spear,233,12131,盘龙枪势[金甲印],0,0,1
1367,htRune_Spear,234,12132,盘龙枪势[虎痴印],0,0,1
1368,htRune_Spear,235,12133,盘龙枪势[辟邪印],0,0,1
1369,htRune_Spear,236,12141,百战军魂[鏖战印],0,0,1
1370,htRune_Spear,237,12142,百战军魂[血爆印],0,0,1
1371,htRune_Spear,238,12143,百战军魂[千军印],0,0,1
1372,htRune_Warrior,239,10422,爆炎剑诀[炎皇印],0,0,1
1373,htRune_Taoist,240,30104,噬血术[劫魂印],0,0,1
1374,htRune_Archer,241,20564,回避射击[疾风印],0,0,1
1375,htRune_Warrior,242,10501,天威剑法[灭法印],0,0,1
1376,htRune_Warrior,243,10502,天威剑法[断钢印],0,0,1
1377,htRune_Warrior,244,10503,天威剑法[浩荡印],0,0,1
1378,htRune_Mage,245,25591,魔能星陨[强火印],0,0,1
1379,htRune_Mage,246,25592,魔能星陨[蛮霜印],0,0,1
1380,htRune_Mage,247,25593,魔能星陨[狂雷印],0,0,1
1381,htRune_Taoist,248,30271,四象之力[玄同印],0,0,1
1382,htRune_Taoist,249,30272,四象之力[玄德印],0,0,1
1383,htRune_Taoist,250,30273,四象之力[玄冥印],0,0,1
1384,htRune_Rogue,251,15481,猎命宣告[恶语印],0,0,1
1385,htRune_Rogue,252,15482,猎命宣告[狂言印],0,0,1
1386,htRune_Rogue,253,15483,猎命宣告[追判印],0,0,1
1387,htRune_Archer,254,20581,夜幕隐踪[绽昙印],0,0,1
1388,htRune_Archer,255,20582,夜幕隐踪[飘蒲印],0,0,1
1389,htRune_Archer,256,20583,夜幕隐踪[荡苇印],0,0,1
1390,htRune_Spear,257,12181,龙啸千里[啸绝印],0,0,1
1391,htRune_Spear,258,12182,龙啸千里[虬臂印],0,0,1
1392,htRune_Spear,259,12183,龙啸千里[定坤印],0,0,1
1393,htRune_Warrior,260,10325,攻杀剑术[戮兽印],0,0,1
1394,htRune_Mage,261,25503,寒冰掌[冰脊印],0,0,1
1395,htRune_Taoist,262,30122,群体治愈术[瑶月印],0,0,1
1396,htRune_Rogue,263,15345,精准术[闪击印],0,0,1
1397,htRune_Archer,264,20453,三发散射[箭雨印],0,0,1
1398,htRune_Spear,265,12013,中平枪术[守中印],0,0,1
1399,htPhysiqueAttack_Warrior,0,101001,弈剑,0,0,1
1400,htPhysiqueAttack_Warrior,1,101002,强袭,0,0,1
1401,htPhysiqueAttack_Warrior,2,101003,剑罡,0,0,1
1402,htPhysiqueAttack_Warrior,3,101004,满月,0,0,1
1403,htPhysiqueAttack_Warrior,4,101005,破胆,0,0,1
1404,htPhysiqueAttack_Warrior,5,101006,焰焚,0,0,1
1405,htPhysiqueAttack_Warrior,6,101007,不落,0,0,1
1406,htPhysiqueAttack_Warrior,7,101008,双晖,0,0,1
1407,htPhysiqueAttack_Mage,8,101009,流火,0,0,1
1408,htPhysiqueAttack_Mage,9,101010,狱炎,0,0,1
1409,htPhysiqueAttack_Mage,10,101011,双响,0,0,1
1410,htPhysiqueAttack_Mage,11,101012,破伤,0,0,1
1411,htPhysiqueAttack_Mage,12,101013,燎原,0,0,1
1412,htPhysiqueAttack_Mage,13,101014,龙鸣,0,0,1
1413,htPhysiqueAttack_Mage,14,101015,狂雷,0,0,1
1414,htPhysiqueAttack_Mage,15,101016,长续,0,0,1
1415,htPhysiqueAttack_Mage,16,101017,怒号,0,0,1
1416,htPhysiqueAttack_Mage,17,101018,彻骨,0,0,1
1417,htPhysiqueAttack_Mage,18,101019,焰潮,0,0,1
1418,htPhysiqueAttack_Mage,19,101020,天诛,0,0,1
1419,htPhysiqueAttack_Mage,20,101021,火瀑,0,0,1
1420,htPhysiqueAttack_Taoist,21,101022,回春,0,0,1
1421,htPhysiqueAttack_Taoist,22,101023,移魂,0,0,1
1422,htPhysiqueAttack_Taoist,23,101024,剧毒,0,0,1
1423,htPhysiqueAttack_Taoist,24,101025,符,0,0,1
1424,htPhysiqueAttack_Taoist,25,101026,健骨,0,0,1
1425,htPhysiqueAttack_Taoist,26,101027,灵躯,0,0,1
1426,htPhysiqueAttack_Taoist,27,101028,玄铠,0,0,1
1427,htPhysiqueAttack_Taoist,28,101029,破邪,0,0,1
1428,htPhysiqueAttack_Taoist,29,101030,慈航,0,0,1
1429,htPhysiqueAttack_Taoist,30,101031,御兽,0,0,1
1430,htPhysiqueAttack_Taoist,31,101032,混元,0,0,1
1431,htPhysiqueAttack_Taoist,32,101033,凶心,0,0,1
1432,htPhysiqueAttack_Rogue,33,101034,诡手,0,0,1
1433,htPhysiqueAttack_Rogue,34,101035,凌弱,0,0,1
1434,htPhysiqueAttack_Rogue,35,101036,迷踪,0,0,1
1435,htPhysiqueAttack_Rogue,36,101037,猛毒,0,0,1
1436,htPhysiqueAttack_Rogue,37,101038,盘龙,0,0,1
1437,htPhysiqueAttack_Rogue,38,101039,暗步,0,0,1
1438,htPhysiqueAttack_Rogue,39,101040,焱华,0,0,1
1439,htPhysiqueAttack_Rogue,40,101041,摄魄,0,0,1
1440,htPhysiqueAttack_Rogue,41,101042,狂风,0,0,1
1441,htPhysiqueAttack_Rogue,42,101043,云烟,0,0,1
1442,htPhysiqueAttack_Normal,43,101044,稳固体魄,0,0,1
1443,htPhysiqueAttack_Normal,44,101045,凝练心神,0,0,1
1444,htPhysiqueAttack_Normal,45,101046,无双勇力,0,0,1
1445,htPhysiqueAttack_Normal,46,101047,傲世神通,0,0,1
1446,htPhysiqueAttack_Normal,47,101048,灵魂链接,0,0,1
1447,htPhysiqueAttack_Normal,49,101050,凌波微步,0,0,1
1448,htPhysiqueAttack_Normal,51,101052,牛魔之敌,0,0,1
1449,htPhysiqueAttack_Normal,52,101053,尸魔之敌,0,0,1
1450,htPhysiqueAttack_Normal,53,101054,骨魔之敌,0,0,1
1451,htPhysiqueAttack_Normal,54,101055,虹魔之敌,0,0,1
1452,htPhysiqueAttack_Normal,55,101056,香石之敌,0,0,1
1453,htPhysiqueAttack_Normal,56,101057,野猪之敌,0,0,1
1454,htPhysiqueAttack_Normal,57,101058,毒虫之敌,0,0,1
1455,htPhysiqueAttack_Normal,58,101059,幽虫之敌,0,0,1
1456,htPhysiqueAttack_Normal,59,101060,虫群之敌,0,0,1
1457,htPhysiqueAttack_Normal,60,101061,祖玛之敌,0,0,1
1458,htPhysiqueAttack_Normal,61,101062,破关勇士,0,0,1
1459,htPhysiqueAttack_Normal,62,101063,魔沼勇士,0,0,1
1460,htPhysiqueAttack_Normal,63,101064,龙岭勇士,0,0,1
1461,htPhysiqueAttack_Normal,64,101065,祭坛勇士,0,0,1
1462,htPhysiqueAttack_Normal,65,101066,旧寨勇士,0,0,1
1463,htPhysiqueAttack_Normal,66,101067,圣地勇士,0,0,1
1464,htPhysiqueAttack_Normal,67,101068,龙野勇士,0,0,1
1465,htPhysiqueAttack_Normal,68,101069,龙城勇士,0,0,1
1466,htPhysiqueAttack_Normal,69,101070,迷宫勇士,0,0,1
1467,htPhysiqueAttack_Normal,70,101071,赤月之敌,0,0,1
1468,htPhysiqueAttack_Normal,71,101072,抉择勇士,0,0,1
1469,htPhysiqueAttack_Normal,72,101073,回廊勇士,0,0,1
1470,htPhysiqueAttack_Normal,73,101074,盟重勇士,0,0,1
1471,htPhysiqueAttack_Normal,74,101075,僵尸之敌,0,0,1
1472,htPhysiqueAttack_Normal,75,101076,沃玛之敌,0,0,1
1473,htPhysiqueAttack_Normal,76,101077,沃玛勇士,0,0,1
1474,htPhysiqueAttack_Warrior,77,101078,盾刺,0,0,1
1475,htPhysiqueAttack_Warrior,78,101079,回响,0,0,1
1476,htPhysiqueAttack_Mage,79,101080,余威,0,0,1
1477,htPhysiqueAttack_Mage,80,101081,明悟,0,0,1
1478,htPhysiqueAttack_Taoist,81,101082,律令,0,0,1
1479,htPhysiqueAttack_Taoist,82,101083,缺盈,0,0,1
1480,htPhysiqueAttack_Rogue,83,101084,死志,0,0,1
1481,htPhysiqueAttack_Rogue,84,101085,乱影,0,0,1
1482,htPhysiqueAttack_Normal,85,101086,白日勇士,0,0,1
1483,htPhysiqueAttack_Normal,86,101087,石原勇士,0,0,1
1484,htPhysiqueAttack_Normal,87,101088,封陵勇士,0,0,1
1485,htPhysiqueAttack_Archer,88,101089,鸣镝,0,0,1
1486,htPhysiqueAttack_Archer,89,101090,狩魔,0,0,1
1487,htPhysiqueAttack_Archer,90,101091,乱羽,0,0,1
1488,htPhysiqueAttack_Archer,91,101092,机变,0,0,1
1489,htPhysiqueAttack_Archer,92,101093,湮敌,0,0,1
1490,htPhysiqueAttack_Archer,93,101094,雷火,0,0,1
1491,htPhysiqueAttack_Archer,94,101095,锥心,0,0,1
1492,htPhysiqueAttack_Archer,95,101096,化神,0,0,1
1493,htPhysiqueAttack_Archer,96,101097,贯日,0,0,1
1494,htPhysiqueAttack_Archer,97,101098,神锋,0,0,1
1495,htPhysiqueAttack_Archer,98,101099,羽芒,0,0,1
1496,htPhysiqueAttack_Warrior,99,101100,蛮战,0,0,1
1497,htPhysiqueAttack_Mage,100,101101,忠仆,0,0,1
1498,htPhysiqueAttack_Taoist,101,101102,隐甲,0,0,1
1499,htPhysiqueAttack_Rogue,102,101103,涌煞,0,0,1
1500,htPhysiqueAttack_Archer,103,101104,奇锋,0,0,1
1501,htPhysiqueAttack_Warrior,104,101105,战意,0,0,1
1502,htPhysiqueAttack_Mage,105,101106,法相,0,0,1
1503,htPhysiqueAttack_Taoist,106,101107,道韵,0,0,1
1504,htPhysiqueAttack_Rogue,107,101108,刺心,0,0,1
1505,htPhysiqueAttack_Archer,108,101109,弓身,0,0,1
1506,htPhysiqueAttack_Spear,109,101116,寒芒,0,0,1
1507,htPhysiqueAttack_Spear,110,101117,犁庭,0,0,1
1508,htPhysiqueAttack_Spear,111,101118,直进,0,0,1
1509,htPhysiqueAttack_Spear,112,101119,血刻,0,0,1
1510,htPhysiqueAttack_Spear,113,101120,调息,0,0,1
1511,htPhysiqueAttack_Spear,114,101121,宣威,0,0,1
1512,htPhysiqueAttack_Spear,115,101122,亢龙,0,0,1
1513,htPhysiqueAttack_Spear,116,101123,金鳞,0,0,1
1514,htPhysiqueAttack_Spear,117,101124,灭顶,0,0,1
1515,htPhysiqueAttack_Spear,118,101125,煮海,0,0,1
1516,htPhysiqueAttack_Spear,119,101126,汗血,0,0,1
1517,htPhysiqueAttack_Spear,120,101127,豪腕,0,0,1
1518,htPhysiqueAttack_Spear,121,101128,枪阵,0,0,1
1519,htPhysiqueDefend_Normal,122,102001,卸劲,0,0,1
1520,htPhysiqueDefend_Normal,123,102002,止杀,0,0,1
1521,htPhysiqueDefend_Normal,124,102003,破罡,0,0,1
1522,htPhysiqueDefend_Normal,125,102004,月缺,0,0,1
1523,htPhysiqueDefend_Normal,126,102005,逆火,0,0,1
1524,htPhysiqueDefend_Normal,127,102006,残阳,0,0,1
1525,htPhysiqueDefend_Normal,128,102007,灭烬,0,0,1
1526,htPhysiqueDefend_Normal,129,102008,拒火,0,0,1
1527,htPhysiqueDefend_Normal,130,102009,除业,0,0,1
1528,htPhysiqueDefend_Normal,131,102010,应雷,0,0,1
1529,htPhysiqueDefend_Normal,132,102011,聚爆,0,0,1
1530,htPhysiqueDefend_Normal,133,102012,不炙,0,0,1
1531,htPhysiqueDefend_Normal,134,102013,云霆,0,0,1
1532,htPhysiqueDefend_Normal,135,102014,无相,0,0,1
1533,htPhysiqueDefend_Normal,136,102015,破风,0,0,1
1534,htPhysiqueDefend_Normal,137,102016,冰心,0,0,1
1535,htPhysiqueDefend_Normal,138,102017,炎蕴,0,0,1
1536,htPhysiqueDefend_Normal,139,102018,无量,0,0,1
1537,htPhysiqueDefend_Normal,140,102019,星屑,0,0,1
1538,htPhysiqueDefend_Normal,141,102020,五毒,0,0,1
1539,htPhysiqueDefend_Normal,142,102021,强魄,0,0,1
1540,htPhysiqueDefend_Normal,143,102022,辟邪,0,0,1
1541,htPhysiqueDefend_Normal,144,102023,兽魂,0,0,1
1542,htPhysiqueDefend_Normal,145,102024,竭血,0,0,1
1543,htPhysiqueDefend_Normal,146,102025,警戒,0,0,1
1544,htPhysiqueDefend_Normal,147,102026,崩刃,0,0,1
1545,htPhysiqueDefend_Normal,148,102027,歼龙,0,0,1
1546,htPhysiqueDefend_Normal,149,102028,舞谐,0,0,1
1547,htPhysiqueDefend_Normal,150,102029,坠影,0,0,1
1548,htPhysiqueDefend_Normal,151,102030,伐髓锻骨,0,0,1
1549,htPhysiqueDefend_Normal,152,102031,易筋通络,0,0,1
1550,htPhysiqueDefend_Normal,153,102032,谕令退散,0,0,1
1551,htPhysiqueDefend_Normal,154,102033,拒矢,0,0,1
1552,htPhysiqueDefend_Normal,155,102034,叠甲,0,0,1
1553,htPhysiqueDefend_Normal,156,102035,重护,0,0,1
1554,htPhysiqueDefend_Normal,157,102036,云步,0,0,1
1555,htPhysiqueDefend_Normal,158,102037,灵机,0,0,1
1556,htPhysiqueDefend_Normal,159,102038,铁衣,0,0,1
1557,htPhysiqueDefend_Normal,160,102039,神护,0,0,1
1558,htPhysiqueDefend_Normal,161,102040,滞刃,0,0,1
1559,htPhysiqueDefend_Normal,162,102041,不退,0,0,1
1560,htPhysiqueDefend_Normal,163,102042,折戟,0,0,1
1561,htPhysiqueDefend_Normal,164,102043,沉沙,0,0,1
1562,htPhysiqueDefend_Normal,165,102044,砥柱,0,0,1
1563,htPhysiqueDefend_Normal,166,102045,降龙,0,0,1
1564,htPhysiqueDefend_Normal,167,102046,黑云,0,0,1
